[{"pk": 13, "model": "contenttypes.contenttype", "fields": {"model": "consumer", "name": "consumer", "app_label": "piston"}}, {"pk": 15, "model": "contenttypes.contenttype", "fields": {"model": "contentitem", "name": "content item", "app_label": "fiber"}}, {"pk": 5, "model": "contenttypes.contenttype", "fields": {"model": "contenttype", "name": "content type", "app_label": "contenttypes"}}, {"pk": 19, "model": "contenttypes.contenttype", "fields": {"model": "file", "name": "file", "app_label": "fiber"}}, {"pk": 2, "model": "contenttypes.contenttype", "fields": {"model": "group", "name": "group", "app_label": "auth"}}, {"pk": 18, "model": "contenttypes.contenttype", "fields": {"model": "image", "name": "image", "app_label": "fiber"}}, {"pk": 22, "model": "contenttypes.contenttype", "fields": {"model": "kvstore", "name": "kv store", "app_label": "thumbnail"}}, {"pk": 8, "model": "contenttypes.contenttype", "fields": {"model": "logentry", "name": "log entry", "app_label": "admin"}}, {"pk": 10, "model": "contenttypes.contenttype", "fields": {"model": "material", "name": "material", "app_label": "materials"}}, {"pk": 4, "model": "contenttypes.contenttype", "fields": {"model": "message", "name": "message", "app_label": "auth"}}, {"pk": 9, "model": "contenttypes.contenttype", "fields": {"model": "migrationhistory", "name": "migration history", "app_label": "south"}}, {"pk": 12, "model": "contenttypes.contenttype", "fields": {"model": "nonce", "name": "nonce", "app_label": "piston"}}, {"pk": 16, "model": "contenttypes.contenttype", "fields": {"model": "page", "name": "page", "app_label": "fiber"}}, {"pk": 17, "model": "contenttypes.contenttype", "fields": {"model": "pagecontentitem", "name": "page content item", "app_label": "fiber"}}, {"pk": 1, "model": "contenttypes.contenttype", "fields": {"model": "permission", "name": "permission", "app_label": "auth"}}, {"pk": 20, "model": "contenttypes.contenttype", "fields": {"model": "revision", "name": "revision", "app_label": "reversion"}}, {"pk": 6, "model": "contenttypes.contenttype", "fields": {"model": "session", "name": "session", "app_label": "sessions"}}, {"pk": 7, "model": "contenttypes.contenttype", "fields": {"model": "site", "name": "site", "app_label": "sites"}}, {"pk": 14, "model": "contenttypes.contenttype", "fields": {"model": "token", "name": "token", "app_label": "piston"}}, {"pk": 11, "model": "contenttypes.contenttype", "fields": {"model": "tournament", "name": "tournament", "app_label": "tournaments"}}, {"pk": 3, "model": "contenttypes.contenttype", "fields": {"model": "user", "name": "user", "app_label": "auth"}}, {"pk": 21, "model": "contenttypes.contenttype", "fields": {"model": "version", "name": "version", "app_label": "reversion"}}, {"pk": "ab983f50e17ae0e3a19086ae076a1c88", "model": "sessions.session", "fields": {"expire_date": "2011-09-27 13:39:26", "session_data": "YThhYTlkODA4YjAwMTY2ODUzOGY1NmI1OTExM2EwMzAxNGI5MjcwODqAAn1xAShVEl9hdXRoX3Vz\nZXJfYmFja2VuZHECVSlkamFuZ28uY29udHJpYi5hdXRoLmJhY2tlbmRzLk1vZGVsQmFja2VuZHED\nVQ1fYXV0aF91c2VyX2lkcQRLAXUu\n"}}, {"pk": "9d0259d4b9f29f81f0c77dd1c0386dc5", "model": "sessions.session", "fields": {"expire_date": "2011-10-25 10:00:42", "session_data": "YThhYTlkODA4YjAwMTY2ODUzOGY1NmI1OTExM2EwMzAxNGI5MjcwODqAAn1xAShVEl9hdXRoX3Vz\nZXJfYmFja2VuZHECVSlkamFuZ28uY29udHJpYi5hdXRoLmJhY2tlbmRzLk1vZGVsQmFja2VuZHED\nVQ1fYXV0aF91c2VyX2lkcQRLAXUu\n"}}, {"pk": 1, "model": "sites.site", "fields": {"domain": "example.com", "name": "example.com"}}, {"pk": 47, "model": "admin.logentry", "fields": {"action_flag": 3, "action_time": "2011-10-20 00:27:29", "object_repr": "Tournaments", "object_id": "14", "change_message": "", "user": 1, "content_type": 16}}, {"pk": 46, "model": "admin.logentry", "fields": {"action_flag": 2, "action_time": "2011-10-20 00:12:20", "object_repr": "Materials", "object_id": "3", "change_message": "Changed url.", "user": 1, "content_type": 16}}, {"pk": 45, "model": "admin.logentry", "fields": {"action_flag": 2, "action_time": "2011-10-20 00:06:41", "object_repr": "Matertials123123123", "object_id": "17", "change_message": "Changed title and url.", "user": 1, "content_type": 16}}, {"pk": 44, "model": "admin.logentry", "fields": {"action_flag": 1, "action_time": "2011-10-20 00:06:22", "object_repr": "Matertials", "object_id": "17", "change_message": "", "user": 1, "content_type": 16}}, {"pk": 43, "model": "admin.logentry", "fields": {"action_flag": 2, "action_time": "2011-10-20 00:05:57", "object_repr": "Materials", "object_id": "16", "change_message": "Changed url.", "user": 1, "content_type": 16}}, {"pk": 42, "model": "admin.logentry", "fields": {"action_flag": 2, "action_time": "2011-10-19 22:01:42", "object_repr": "Materials", "object_id": "16", "change_message": "Changed redirect_page.", "user": 1, "content_type": 16}}, {"pk": 41, "model": "admin.logentry", "fields": {"action_flag": 2, "action_time": "2011-10-19 20:27:45", "object_repr": "Materials", "object_id": "16", "change_message": "Changed redirect_page.", "user": 1, "content_type": 16}}, {"pk": 40, "model": "admin.logentry", "fields": {"action_flag": 2, "action_time": "2011-10-19 20:26:53", "object_repr": "Materials", "object_id": "16", "change_message": "Changed url.", "user": 1, "content_type": 16}}, {"pk": 39, "model": "admin.logentry", "fields": {"action_flag": 1, "action_time": "2011-10-19 20:23:46", "object_repr": "Materials", "object_id": "16", "change_message": "", "user": 1, "content_type": 16}}, {"pk": 38, "model": "admin.logentry", "fields": {"action_flag": 3, "action_time": "2011-10-19 20:23:20", "object_repr": "Materials", "object_id": "18", "change_message": "", "user": 1, "content_type": 16}}, {"pk": 37, "model": "admin.logentry", "fields": {"action_flag": 3, "action_time": "2011-10-19 20:23:20", "object_repr": "Materials", "object_id": "17", "change_message": "", "user": 1, "content_type": 16}}, {"pk": 36, "model": "admin.logentry", "fields": {"action_flag": 3, "action_time": "2011-10-19 20:23:20", "object_repr": "Materials", "object_id": "16", "change_message": "", "user": 1, "content_type": 16}}, {"pk": 35, "model": "admin.logentry", "fields": {"action_flag": 1, "action_time": "2011-10-19 20:19:33", "object_repr": "Materials", "object_id": "16", "change_message": "", "user": 1, "content_type": 16}}, {"pk": 34, "model": "admin.logentry", "fields": {"action_flag": 3, "action_time": "2011-10-19 19:47:35", "object_repr": "", "object_id": "15", "change_message": "", "user": 1, "content_type": 16}}, {"pk": 33, "model": "admin.logentry", "fields": {"action_flag": 3, "action_time": "2011-10-19 19:47:34", "object_repr": "", "object_id": "14", "change_message": "", "user": 1, "content_type": 16}}, {"pk": 32, "model": "admin.logentry", "fields": {"action_flag": 1, "action_time": "2011-10-11 23:15:53", "object_repr": "Sed ut perspiciatis unde omnis iste natus error si...", "object_id": "3", "change_message": "", "user": 1, "content_type": 15}}, {"pk": 31, "model": "admin.logentry", "fields": {"action_flag": 1, "action_time": "2011-10-11 21:36:11", "object_repr": "Nice Pants", "object_id": "13", "change_message": "", "user": 1, "content_type": 16}}, {"pk": 30, "model": "admin.logentry", "fields": {"action_flag": 1, "action_time": "2011-10-11 21:35:50", "object_repr": "Guess what? Another!", "object_id": "12", "change_message": "", "user": 1, "content_type": 16}}, {"pk": 29, "model": "admin.logentry", "fields": {"action_flag": 1, "action_time": "2011-10-11 21:35:42", "object_repr": "Yet Another", "object_id": "11", "change_message": "", "user": 1, "content_type": 16}}, {"pk": 28, "model": "admin.logentry", "fields": {"action_flag": 1, "action_time": "2011-10-11 21:35:35", "object_repr": "And another", "object_id": "10", "change_message": "", "user": 1, "content_type": 16}}, {"pk": 27, "model": "admin.logentry", "fields": {"action_flag": 1, "action_time": "2011-10-11 21:35:27", "object_repr": "Another", "object_id": "9", "change_message": "", "user": 1, "content_type": 16}}, {"pk": 26, "model": "admin.logentry", "fields": {"action_flag": 1, "action_time": "2011-10-11 21:33:00", "object_repr": "Moo", "object_id": "8", "change_message": "", "user": 1, "content_type": 16}}, {"pk": 25, "model": "admin.logentry", "fields": {"action_flag": 2, "action_time": "2011-10-11 12:22:12", "object_repr": "Something Nice &nbsp; Another ASDFASDF &nbsp;ojhlk...", "object_id": "2", "change_message": "Changed content_html.", "user": 1, "content_type": 15}}, {"pk": 24, "model": "admin.logentry", "fields": {"action_flag": 2, "action_time": "2011-10-11 12:19:29", "object_repr": "Something Nice &nbsp; Another ASDFASDF&nbsp;", "object_id": "2", "change_message": "Changed content_html.", "user": 1, "content_type": 15}}, {"pk": 23, "model": "admin.logentry", "fields": {"action_flag": 2, "action_time": "2011-10-11 11:32:52", "object_repr": "Something Nice &nbsp; Another", "object_id": "2", "change_message": "Changed content_html.", "user": 1, "content_type": 15}}, {"pk": 22, "model": "admin.logentry", "fields": {"action_flag": 2, "action_time": "2011-10-11 11:06:19", "object_repr": "Something Nice", "object_id": "2", "change_message": "Changed content_html.", "user": 1, "content_type": 15}}, {"pk": 21, "model": "admin.logentry", "fields": {"action_flag": 2, "action_time": "2011-10-11 10:12:30", "object_repr": "Something goes here I guess? Thios is a link colum...", "object_id": "1", "change_message": "Changed content_html.", "user": 1, "content_type": 15}}, {"pk": 20, "model": "admin.logentry", "fields": {"action_flag": 1, "action_time": "2011-10-11 10:09:40", "object_repr": "Something Nice", "object_id": "7", "change_message": "", "user": 1, "content_type": 16}}, {"pk": 19, "model": "admin.logentry", "fields": {"action_flag": 1, "action_time": "2011-10-11 10:05:08", "object_repr": "sidemenu", "object_id": "6", "change_message": "", "user": 1, "content_type": 16}}, {"pk": 18, "model": "admin.logentry", "fields": {"action_flag": 1, "action_time": "2011-09-16 13:09:57", "object_repr": "Something", "object_id": "2", "change_message": "", "user": 1, "content_type": 15}}, {"pk": 17, "model": "admin.logentry", "fields": {"action_flag": 2, "action_time": "2011-09-16 13:06:47", "object_repr": "Materials", "object_id": "3", "change_message": "Changed parent, title and url.", "user": 1, "content_type": 16}}, {"pk": 16, "model": "admin.logentry", "fields": {"action_flag": 2, "action_time": "2011-09-16 12:38:53", "object_repr": "Something goes here I guess? Thios is a link colum...", "object_id": "1", "change_message": "Changed content_html.", "user": 1, "content_type": 15}}, {"pk": 15, "model": "admin.logentry", "fields": {"action_flag": 2, "action_time": "2011-09-16 12:37:10", "object_repr": "Something else", "object_id": "5", "change_message": "Changed template_name.", "user": 1, "content_type": 16}}, {"pk": 14, "model": "admin.logentry", "fields": {"action_flag": 1, "action_time": "2011-09-13 22:05:38", "object_repr": "Something else", "object_id": "5", "change_message": "", "user": 1, "content_type": 16}}, {"pk": 13, "model": "admin.logentry", "fields": {"action_flag": 2, "action_time": "2011-09-13 16:13:08", "object_repr": "Something goes here I guess? Thios is a link colum...", "object_id": "1", "change_message": "Changed content_html.", "user": 1, "content_type": 15}}, {"pk": 12, "model": "admin.logentry", "fields": {"action_flag": 1, "action_time": "2011-09-13 16:12:31", "object_repr": "Something goes here I guess? &nbsp; column 1 colum...", "object_id": "1", "change_message": "", "user": 1, "content_type": 15}}, {"pk": 11, "model": "admin.logentry", "fields": {"action_flag": 1, "action_time": "2011-09-13 16:10:45", "object_repr": "Poop", "object_id": "4", "change_message": "", "user": 1, "content_type": 16}}, {"pk": 10, "model": "admin.logentry", "fields": {"action_flag": 1, "action_time": "2011-09-13 16:10:03", "object_repr": "Something", "object_id": "3", "change_message": "", "user": 1, "content_type": 16}}, {"pk": 9, "model": "admin.logentry", "fields": {"action_flag": 2, "action_time": "2011-09-13 16:09:47", "object_repr": "Home", "object_id": "1", "change_message": "Changed parent.", "user": 1, "content_type": 16}}, {"pk": 8, "model": "admin.logentry", "fields": {"action_flag": 1, "action_time": "2011-09-13 16:09:34", "object_repr": "mainmenu", "object_id": "2", "change_message": "", "user": 1, "content_type": 16}}, {"pk": 7, "model": "admin.logentry", "fields": {"action_flag": 2, "action_time": "2011-09-13 15:54:43", "object_repr": "Home", "object_id": "1", "change_message": "Changed url.", "user": 1, "content_type": 16}}, {"pk": 6, "model": "admin.logentry", "fields": {"action_flag": 1, "action_time": "2011-09-13 15:54:13", "object_repr": "Home", "object_id": "1", "change_message": "", "user": 1, "content_type": 16}}, {"pk": 5, "model": "admin.logentry", "fields": {"action_flag": 2, "action_time": "2011-09-13 15:13:53", "object_repr": "Beijing Tournament (2011)", "object_id": "1", "change_message": "Changed location.", "user": 1, "content_type": 11}}, {"pk": 4, "model": "admin.logentry", "fields": {"action_flag": 2, "action_time": "2011-09-13 15:13:39", "object_repr": "Beijing Tournament (2011)", "object_id": "1", "change_message": "Changed location.", "user": 1, "content_type": 11}}, {"pk": 3, "model": "admin.logentry", "fields": {"action_flag": 2, "action_time": "2011-09-13 15:08:24", "object_repr": "Beijing Tournament (2011)", "object_id": "1", "change_message": "No fields changed.", "user": 1, "content_type": 11}}, {"pk": 2, "model": "admin.logentry", "fields": {"action_flag": 1, "action_time": "2011-09-13 13:53:27", "object_repr": "Beijing Tournament (2011-09-13)", "object_id": "1", "change_message": "", "user": 1, "content_type": 11}}, {"pk": 1, "model": "admin.logentry", "fields": {"action_flag": 1, "action_time": "2011-09-13 13:43:54", "object_repr": "Material object", "object_id": "1", "change_message": "", "user": 1, "content_type": 10}}, {"pk": 1, "model": "south.migrationhistory", "fields": {"applied": "2011-09-13 20:41:40", "app_name": "materials", "migration": "0001_initial"}}, {"pk": 2, "model": "south.migrationhistory", "fields": {"applied": "2011-09-13 20:51:48", "app_name": "tournaments", "migration": "0001_initial"}}, {"pk": 3, "model": "south.migrationhistory", "fields": {"applied": "2011-09-13 22:00:02", "app_name": "tournaments", "migration": "0002_auto__add_field_tournament_location__add_field_tournament_lat__add_fie"}}, {"pk": 4, "model": "south.migrationhistory", "fields": {"applied": "2011-09-13 22:52:26", "app_name": "fiber", "migration": "0001_initial"}}, {"pk": 5, "model": "south.migrationhistory", "fields": {"applied": "2011-09-13 22:52:26", "app_name": "fiber", "migration": "0002_auto__chg_field_image_image__chg_field_file_file"}}, {"pk": 6, "model": "south.migrationhistory", "fields": {"applied": "2011-09-13 22:52:26", "app_name": "fiber", "migration": "0003_auto__chg_field_contentitem_protected__add_field_page_alias_page__chg_"}}, {"pk": 7, "model": "south.migrationhistory", "fields": {"applied": "2011-09-13 22:52:26", "app_name": "fiber", "migration": "0004_auto__del_field_page_alias_page__add_field_page_redirect_page"}}, {"pk": 8, "model": "south.migrationhistory", "fields": {"applied": "2011-09-13 22:52:26", "app_name": "fiber", "migration": "0005_auto__del_field_contentitem_html__add_field_contentitem_content_markup"}}, {"pk": 9, "model": "south.migrationhistory", "fields": {"applied": "2011-09-13 22:52:26", "app_name": "fiber", "migration": "0006_urls2onefield"}}, {"pk": 10, "model": "south.migrationhistory", "fields": {"applied": "2011-09-13 22:52:26", "app_name": "fiber", "migration": "0007_auto__del_field_page_relative_url__del_field_page_named_url"}}, {"pk": 11, "model": "south.migrationhistory", "fields": {"applied": "2011-09-13 22:52:26", "app_name": "fiber", "migration": "0008_auto__add_field_contentitem_metadata__add_field_page_metadata"}}, {"pk": 12, "model": "south.migrationhistory", "fields": {"applied": "2011-09-13 22:52:26", "app_name": "fiber", "migration": "0009_auto__add_field_contentitem_template_name"}}, {"pk": 13, "model": "south.migrationhistory", "fields": {"applied": "2011-10-11 19:18:36", "app_name": "reversion", "migration": "0001_initial"}}, {"pk": 14, "model": "south.migrationhistory", "fields": {"applied": "2011-10-11 19:18:36", "app_name": "reversion", "migration": "0002_auto__add_field_version_type"}}, {"pk": 15, "model": "south.migrationhistory", "fields": {"applied": "2011-10-11 19:18:36", "app_name": "reversion", "migration": "0003_auto__add_field_version_object_id_int"}}, {"pk": 16, "model": "south.migrationhistory", "fields": {"applied": "2011-10-11 19:18:36", "app_name": "reversion", "migration": "0004_populate_object_id_int"}}, {"pk": 17, "model": "south.migrationhistory", "fields": {"applied": "2011-10-11 19:18:37", "app_name": "reversion", "migration": "0005_auto__add_field_revision_manager_slug"}}, {"pk": 18, "model": "south.migrationhistory", "fields": {"applied": "2011-10-20 02:30:13", "app_name": "tournaments", "migration": "0003_auto__add_field_tournament_slug"}}, {"pk": 1, "model": "reversion.revision", "fields": {"comment": "Initial version.", "date_created": "2011-10-11 12:18:41", "manager_slug": "default", "user": null}}, {"pk": 2, "model": "reversion.revision", "fields": {"comment": "Initial version.", "date_created": "2011-10-11 12:18:41", "manager_slug": "default", "user": null}}, {"pk": 3, "model": "reversion.revision", "fields": {"comment": "Changed content_html.", "date_created": "2011-10-11 12:19:29", "manager_slug": "default", "user": 1}}, {"pk": 4, "model": "reversion.revision", "fields": {"comment": "Changed content_html.", "date_created": "2011-10-11 12:22:12", "manager_slug": "default", "user": 1}}, {"pk": 1, "model": "reversion.version", "fields": {"format": "json", "object_repr": "Something goes here I guess? Thios is a link colum...", "object_id": "1", "content_type": 15, "object_id_int": 1, "type": 1, "serialized_data": "[{\"pk\": 1, \"model\": \"fiber.contentitem\", \"fields\": {\"content_markup\": \"\", \"updated\": \"2011-10-11 10:12:30\", \"name\": \"\", \"created\": \"2011-09-13 16:12:31\", \"template_name\": \"\", \"protected\": false, \"content_html\": \"<p>\\r\\n\\tSomething goes here I guess?</p>\\r\\n<p>\\r\\n\\t<iframe allowfullscreen=\\\"\\\" frameborder=\\\"0\\\" height=\\\"315\\\" src=\\\"http://www.youtube.com/embed/baCJFAGEuJM?wmode=opaque\\\" width=\\\"420\\\"></iframe><a href=\\\"/poop/\\\">Thios is a link</a></p>\\r\\n<table border=\\\"0\\\" cellpadding=\\\"0\\\" cellspacing=\\\"0\\\">\\r\\n\\t<thead>\\r\\n\\t\\t<tr>\\r\\n\\t\\t\\t<th>\\r\\n\\t\\t\\t\\tcolumn 1</th>\\r\\n\\t\\t\\t<th>\\r\\n\\t\\t\\t\\tcolumn 2</th>\\r\\n\\t\\t</tr>\\r\\n\\t</thead>\\r\\n\\t<tbody>\\r\\n\\t\\t<tr>\\r\\n\\t\\t\\t<td>\\r\\n\\t\\t\\t\\t&nbsp;</td>\\r\\n\\t\\t\\t<td>\\r\\n\\t\\t\\t\\t&nbsp;</td>\\r\\n\\t\\t</tr>\\r\\n\\t\\t<tr>\\r\\n\\t\\t\\t<td>\\r\\n\\t\\t\\t\\t&nbsp;</td>\\r\\n\\t\\t\\t<td>\\r\\n\\t\\t\\t\\t&nbsp;</td>\\r\\n\\t\\t</tr>\\r\\n\\t\\t<tr>\\r\\n\\t\\t\\t<td>\\r\\n\\t\\t\\t\\t&nbsp;</td>\\r\\n\\t\\t\\t<td>\\r\\n\\t\\t\\t\\t&nbsp;</td>\\r\\n\\t\\t</tr>\\r\\n\\t</tbody>\\r\\n</table>\\r\\n<p>\\r\\n\\t<img src=\\\"/media/uploads/images/IMG_0107.PNG\\\" title=\\\"title\\\" /></p>\\r\\n\", \"metadata\": null}}]", "revision": 1}}, {"pk": 2, "model": "reversion.version", "fields": {"format": "json", "object_repr": "Something Nice &nbsp; Another", "object_id": "2", "content_type": 15, "object_id_int": 2, "type": 1, "serialized_data": "[{\"pk\": 2, \"model\": \"fiber.contentitem\", \"fields\": {\"content_markup\": \"\", \"updated\": \"2011-10-11 11:32:52\", \"name\": \"\", \"created\": \"2011-09-16 13:09:57\", \"template_name\": \"\", \"protected\": false, \"content_html\": \"<p>\\r\\n\\tSomething</p>\\r\\n<p>\\r\\n\\tNice</p>\\r\\n<p>\\r\\n\\t&nbsp;</p>\\r\\n<p>\\r\\n\\tAnother</p>\\r\\n\", \"metadata\": null}}]", "revision": 2}}, {"pk": 3, "model": "reversion.version", "fields": {"format": "json", "object_repr": "Something Nice &nbsp; Another ASDFASDF&nbsp;", "object_id": "2", "content_type": 15, "object_id_int": 2, "type": 1, "serialized_data": "[{\"pk\": 2, \"model\": \"fiber.contentitem\", \"fields\": {\"content_markup\": \"\", \"updated\": \"2011-10-11 12:19:29\", \"name\": \"\", \"created\": \"2011-09-16 13:09:57\", \"template_name\": \"\", \"protected\": false, \"content_html\": \"<p>\\r\\n\\tSomething</p>\\r\\n<p>\\r\\n\\tNice</p>\\r\\n<p>\\r\\n\\t&nbsp;</p>\\r\\n<p>\\r\\n\\tAnother ASDFASDF&nbsp;</p>\\r\\n\", \"metadata\": null}}]", "revision": 3}}, {"pk": 4, "model": "reversion.version", "fields": {"format": "json", "object_repr": "Something Nice &nbsp; Another ASDFASDF &nbsp;ojhlk...", "object_id": "2", "content_type": 15, "object_id_int": 2, "type": 1, "serialized_data": "[{\"pk\": 2, \"model\": \"fiber.contentitem\", \"fields\": {\"content_markup\": \"\", \"updated\": \"2011-10-11 12:22:12\", \"name\": \"\", \"created\": \"2011-09-16 13:09:57\", \"template_name\": \"\", \"protected\": false, \"content_html\": \"<p>\\r\\n\\tSomething</p>\\r\\n<p>\\r\\n\\tNice</p>\\r\\n<p>\\r\\n\\t&nbsp;</p>\\r\\n<p>\\r\\n\\tAnother ASDFASDF &nbsp;ojhlkjhkjhlkjhlkjh</p>\\r\\n\", \"metadata\": null}}]", "revision": 4}}, {"pk": 1, "model": "fiber.contentitem", "fields": {"content_markup": "", "updated": "2011-10-11 10:12:30", "name": "", "created": "2011-09-13 16:12:31", "template_name": "", "protected": false, "content_html": "<p>\r\n\tSomething goes here I guess?</p>\r\n<p>\r\n\t<iframe allowfullscreen=\"\" frameborder=\"0\" height=\"315\" src=\"http://www.youtube.com/embed/baCJFAGEuJM?wmode=opaque\" width=\"420\"></iframe><a href=\"/poop/\">Thios is a link</a></p>\r\n<table border=\"0\" cellpadding=\"0\" cellspacing=\"0\">\r\n\t<thead>\r\n\t\t<tr>\r\n\t\t\t<th>\r\n\t\t\t\tcolumn 1</th>\r\n\t\t\t<th>\r\n\t\t\t\tcolumn 2</th>\r\n\t\t</tr>\r\n\t</thead>\r\n\t<tbody>\r\n\t\t<tr>\r\n\t\t\t<td>\r\n\t\t\t\t&nbsp;</td>\r\n\t\t\t<td>\r\n\t\t\t\t&nbsp;</td>\r\n\t\t</tr>\r\n\t\t<tr>\r\n\t\t\t<td>\r\n\t\t\t\t&nbsp;</td>\r\n\t\t\t<td>\r\n\t\t\t\t&nbsp;</td>\r\n\t\t</tr>\r\n\t\t<tr>\r\n\t\t\t<td>\r\n\t\t\t\t&nbsp;</td>\r\n\t\t\t<td>\r\n\t\t\t\t&nbsp;</td>\r\n\t\t</tr>\r\n\t</tbody>\r\n</table>\r\n<p>\r\n\t<img src=\"/media/uploads/images/IMG_0107.PNG\" title=\"title\" /></p>\r\n", "metadata": null}}, {"pk": 2, "model": "fiber.contentitem", "fields": {"content_markup": "", "updated": "2011-10-11 12:22:12", "name": "", "created": "2011-09-16 13:09:57", "template_name": "", "protected": false, "content_html": "<p>\r\n\tSomething</p>\r\n<p>\r\n\tNice</p>\r\n<p>\r\n\t&nbsp;</p>\r\n<p>\r\n\tAnother ASDFASDF &nbsp;ojhlkjhkjhlkjhlkjh</p>\r\n", "metadata": null}}, {"pk": 3, "model": "fiber.contentitem", "fields": {"content_markup": "", "updated": "2011-10-11 23:15:53", "name": "", "created": "2011-10-11 23:15:53", "template_name": "", "protected": false, "content_html": "<p style=\"text-align: right; \">\r\n\t<img src=\"/media/uploads/images/IMG_0107.PNG\" title=\"title\" /></p>\r\n<p style=\"text-align: left; \">\r\n\tSed ut perspiciatis unde omnis iste natus error sit voluptatem accusantium doloremque laudantium, totam rem aperiam, eaque ipsa quae ab illo inventore veritatis et quasi architecto beatae vitae dicta sunt explicabo. Nemo enim ipsam voluptatem quia voluptas sit aspernatur aut odit aut fugit, sed quia consequuntur magni dolores eos qui ratione voluptatem sequi nesciunt. Neque porro quisquam est, qui dolorem ipsum quia dolor sit amet, consectetur, adipisci velit, sed quia non numquam eius modi tempora incidunt ut labore et dolore magnam aliquam quaerat voluptatem. Ut enim ad minima veniam, quis nostrum exercitationem ullam corporis suscipit laboriosam, nisi ut aliquid ex ea commodi consequatur? Quis autem vel eum iure reprehenderit qui in ea voluptate velit esse quam nihil molestiae consequatur, vel illum qui dolorem eum fugiat quo voluptas nulla pariatur?&quot;</p>\r\n", "metadata": null}}, {"pk": 2, "model": "fiber.page", "fields": {"rght": 12, "updated": "2011-09-13 16:09:34", "level": 0, "parent": null, "title": "mainmenu", "url": "", "template_name": "", "created": "2011-09-13 16:09:34", "mark_current_regexes": "", "redirect_page": null, "lft": 1, "protected": false, "tree_id": 2, "show_in_menu": true, "metadata": null}}, {"pk": 1, "model": "fiber.page", "fields": {"rght": 3, "updated": "2011-09-13 16:09:47", "level": 1, "parent": 2, "title": "Home", "url": "/", "template_name": "", "created": "2011-09-13 15:54:13", "mark_current_regexes": "", "redirect_page": null, "lft": 2, "protected": false, "tree_id": 2, "show_in_menu": true, "metadata": null}}, {"pk": 4, "model": "fiber.page", "fields": {"rght": 11, "updated": "2011-09-13 16:10:45", "level": 1, "parent": 2, "title": "Poop", "url": "poop", "template_name": "", "created": "2011-09-13 16:10:45", "mark_current_regexes": "", "redirect_page": null, "lft": 4, "protected": false, "tree_id": 2, "show_in_menu": true, "metadata": null}}, {"pk": 5, "model": "fiber.page", "fields": {"rght": 10, "updated": "2011-09-16 12:37:10", "level": 2, "parent": 4, "title": "Something else", "url": "something-else", "template_name": "fancy.html", "created": "2011-09-13 22:05:38", "mark_current_regexes": "", "redirect_page": null, "lft": 5, "protected": false, "tree_id": 2, "show_in_menu": true, "metadata": null}}, {"pk": 3, "model": "fiber.page", "fields": {"rght": 7, "updated": "2011-10-20 00:12:20", "level": 3, "parent": 5, "title": "Materials", "url": "/materials", "template_name": "", "created": "2011-09-13 16:10:03", "mark_current_regexes": "", "redirect_page": null, "lft": 6, "protected": false, "tree_id": 2, "show_in_menu": true, "metadata": null}}, {"pk": 7, "model": "fiber.page", "fields": {"rght": 9, "updated": "2011-10-11 10:09:40", "level": 3, "parent": 5, "title": "Something Nice", "url": "", "template_name": "", "created": "2011-10-11 10:09:40", "mark_current_regexes": "", "redirect_page": null, "lft": 8, "protected": false, "tree_id": 2, "show_in_menu": true, "metadata": null}}, {"pk": 6, "model": "fiber.page", "fields": {"rght": 20, "updated": "2011-10-11 10:05:08", "level": 0, "parent": null, "title": "sidemenu", "url": "", "template_name": "", "created": "2011-10-11 10:05:08", "mark_current_regexes": "", "redirect_page": null, "lft": 1, "protected": false, "tree_id": 3, "show_in_menu": true, "metadata": null}}, {"pk": 8, "model": "fiber.page", "fields": {"rght": 3, "updated": "2011-10-11 21:33:00", "level": 1, "parent": 6, "title": "Moo", "url": "", "template_name": "", "created": "2011-10-11 21:33:00", "mark_current_regexes": "", "redirect_page": null, "lft": 2, "protected": false, "tree_id": 3, "show_in_menu": true, "metadata": null}}, {"pk": 11, "model": "fiber.page", "fields": {"rght": 5, "updated": "2011-10-11 21:35:42", "level": 1, "parent": 6, "title": "Yet Another", "url": "yet-another", "template_name": "", "created": "2011-10-11 21:35:42", "mark_current_regexes": "", "redirect_page": null, "lft": 4, "protected": false, "tree_id": 3, "show_in_menu": true, "metadata": null}}, {"pk": 10, "model": "fiber.page", "fields": {"rght": 11, "updated": "2011-10-11 21:35:35", "level": 1, "parent": 6, "title": "And another", "url": "and-another", "template_name": "", "created": "2011-10-11 21:35:35", "mark_current_regexes": "", "redirect_page": null, "lft": 6, "protected": false, "tree_id": 3, "show_in_menu": true, "metadata": null}}, {"pk": 12, "model": "fiber.page", "fields": {"rght": 10, "updated": "2011-10-11 21:35:50", "level": 2, "parent": 10, "title": "Guess what? Another!", "url": "guess-what-another", "template_name": "", "created": "2011-10-11 21:35:50", "mark_current_regexes": "", "redirect_page": null, "lft": 7, "protected": false, "tree_id": 3, "show_in_menu": true, "metadata": null}}, {"pk": 9, "model": "fiber.page", "fields": {"rght": 9, "updated": "2011-10-11 21:35:27", "level": 3, "parent": 12, "title": "Another", "url": "another", "template_name": "", "created": "2011-10-11 21:35:27", "mark_current_regexes": "", "redirect_page": null, "lft": 8, "protected": false, "tree_id": 3, "show_in_menu": true, "metadata": null}}, {"pk": 13, "model": "fiber.page", "fields": {"rght": 13, "updated": "2011-10-11 21:36:11", "level": 1, "parent": 6, "title": "Nice Pants", "url": "nice-pants", "template_name": "", "created": "2011-10-11 21:36:11", "mark_current_regexes": "", "redirect_page": null, "lft": 12, "protected": false, "tree_id": 3, "show_in_menu": true, "metadata": null}}, {"pk": 16, "model": "fiber.page", "fields": {"rght": 17, "updated": "2011-10-20 00:05:57", "level": 1, "parent": 6, "title": "Materials", "url": "", "template_name": "", "created": "2011-10-19 20:23:46", "mark_current_regexes": "", "redirect_page": 3, "lft": 16, "protected": false, "tree_id": 3, "show_in_menu": true, "metadata": null}}, {"pk": 17, "model": "fiber.page", "fields": {"rght": 19, "updated": "2011-10-20 00:06:41", "level": 1, "parent": 6, "title": "Matertials123123123", "url": "", "template_name": "", "created": "2011-10-20 00:06:22", "mark_current_regexes": "", "redirect_page": 3, "lft": 18, "protected": false, "tree_id": 3, "show_in_menu": true, "metadata": null}}, {"pk": 15, "model": "fiber.page", "fields": {"rght": 2, "updated": "2011-10-19 19:53:08", "level": 0, "parent": null, "title": "Beijing Tournament (2011)", "url": "tournament_1", "template_name": "", "created": "2011-10-19 19:53:08", "mark_current_regexes": "", "redirect_page": null, "lft": 1, "protected": false, "tree_id": 5, "show_in_menu": true, "metadata": null}}, {"pk": 18, "model": "fiber.page", "fields": {"rght": 2, "updated": "2011-10-20 00:12:21", "level": 0, "parent": null, "title": "Materials", "url": "materials", "template_name": "", "created": "2011-10-20 00:12:21", "mark_current_regexes": "", "redirect_page": null, "lft": 1, "protected": false, "tree_id": 6, "show_in_menu": true, "metadata": null}}, {"pk": 19, "model": "fiber.page", "fields": {"rght": 2, "updated": "2011-10-20 00:26:46", "level": 0, "parent": null, "title": "Tournaments", "url": "/tournaments", "template_name": "", "created": "2011-10-20 00:26:46", "mark_current_regexes": "", "redirect_page": null, "lft": 1, "protected": false, "tree_id": 7, "show_in_menu": true, "metadata": null}}, {"pk": 1, "model": "fiber.pagecontentitem", "fields": {"sort": 0, "block_name": "main", "content_item": 1, "page": 1}}, {"pk": 3, "model": "fiber.pagecontentitem", "fields": {"sort": 1, "block_name": "aside", "content_item": 1, "page": 4}}, {"pk": 4, "model": "fiber.pagecontentitem", "fields": {"sort": 1, "block_name": "main", "content_item": 2, "page": 3}}, {"pk": 5, "model": "fiber.pagecontentitem", "fields": {"sort": 2, "block_name": "main", "content_item": 3, "page": 11}}, {"pk": 2, "model": "fiber.image", "fields": {"updated": "2011-09-13 16:11:42", "title": "uploaded", "image": "uploads/images/IMG_0107.PNG", "created": "2011-09-13 16:11:42", "height": 480, "width": 320}}, {"pk": 1, "model": "fiber.image", "fields": {"updated": "2011-09-13 16:11:19", "title": "uploaded", "image": "uploads/images/form.pdf", "created": "2011-09-13 16:11:19", "height": 0, "width": 0}}, {"pk": 1, "model": "materials.material", "fields": {"name": "Science", "date_modified": "2011-09-13 13:43:54", "cover": "materials/covers/IMG_0106.PNG", "file": "materials/Amazon.pdf", "year": 2011, "date_created": "2011-09-13 13:43:54"}}, {"pk": 2, "model": "materials.material", "fields": {"name": "Not Science", "date_modified": "2011-09-16 13:27:09", "cover": "materials/covers/IMG_0106.PNG", "file": "materials/Amazon.pdf", "year": 2011, "date_created": "2011-09-16 13:27:09"}}, {"pk": 1, "model": "tournaments.tournament", "fields": {"name": "Beijing Tournament", "date_modified": "2011-10-19 19:30:13", "image": "tournaments/images/IMG_0107_2.PNG", "lon": -122.418965, "lat": 37.797465000000003, "location": "", "date": "2011-09-13", "date_created": "2011-09-13 13:53:27", "slug": "beijing-tournament"}}, {"pk": 22, "model": "auth.permission", "fields": {"codename": "add_logentry", "name": "Can add log entry", "content_type": 8}}, {"pk": 23, "model": "auth.permission", "fields": {"codename": "change_logentry", "name": "Can change log entry", "content_type": 8}}, {"pk": 24, "model": "auth.permission", "fields": {"codename": "delete_logentry", "name": "Can delete log entry", "content_type": 8}}, {"pk": 4, "model": "auth.permission", "fields": {"codename": "add_group", "name": "Can add group", "content_type": 2}}, {"pk": 5, "model": "auth.permission", "fields": {"codename": "change_group", "name": "Can change group", "content_type": 2}}, {"pk": 6, "model": "auth.permission", "fields": {"codename": "delete_group", "name": "Can delete group", "content_type": 2}}, {"pk": 10, "model": "auth.permission", "fields": {"codename": "add_message", "name": "Can add message", "content_type": 4}}, {"pk": 11, "model": "auth.permission", "fields": {"codename": "change_message", "name": "Can change message", "content_type": 4}}, {"pk": 12, "model": "auth.permission", "fields": {"codename": "delete_message", "name": "Can delete message", "content_type": 4}}, {"pk": 1, "model": "auth.permission", "fields": {"codename": "add_permission", "name": "Can add permission", "content_type": 1}}, {"pk": 2, "model": "auth.permission", "fields": {"codename": "change_permission", "name": "Can change permission", "content_type": 1}}, {"pk": 3, "model": "auth.permission", "fields": {"codename": "delete_permission", "name": "Can delete permission", "content_type": 1}}, {"pk": 7, "model": "auth.permission", "fields": {"codename": "add_user", "name": "Can add user", "content_type": 3}}, {"pk": 8, "model": "auth.permission", "fields": {"codename": "change_user", "name": "Can change user", "content_type": 3}}, {"pk": 9, "model": "auth.permission", "fields": {"codename": "delete_user", "name": "Can delete user", "content_type": 3}}, {"pk": 13, "model": "auth.permission", "fields": {"codename": "add_contenttype", "name": "Can add content type", "content_type": 5}}, {"pk": 14, "model": "auth.permission", "fields": {"codename": "change_contenttype", "name": "Can change content type", "content_type": 5}}, {"pk": 15, "model": "auth.permission", "fields": {"codename": "delete_contenttype", "name": "Can delete content type", "content_type": 5}}, {"pk": 43, "model": "auth.permission", "fields": {"codename": "add_contentitem", "name": "Can add content item", "content_type": 15}}, {"pk": 44, "model": "auth.permission", "fields": {"codename": "change_contentitem", "name": "Can change content item", "content_type": 15}}, {"pk": 45, "model": "auth.permission", "fields": {"codename": "delete_contentitem", "name": "Can delete content item", "content_type": 15}}, {"pk": 55, "model": "auth.permission", "fields": {"codename": "add_file", "name": "Can add file", "content_type": 19}}, {"pk": 56, "model": "auth.permission", "fields": {"codename": "change_file", "name": "Can change file", "content_type": 19}}, {"pk": 57, "model": "auth.permission", "fields": {"codename": "delete_file", "name": "Can delete file", "content_type": 19}}, {"pk": 52, "model": "auth.permission", "fields": {"codename": "add_image", "name": "Can add image", "content_type": 18}}, {"pk": 53, "model": "auth.permission", "fields": {"codename": "change_image", "name": "Can change image", "content_type": 18}}, {"pk": 54, "model": "auth.permission", "fields": {"codename": "delete_image", "name": "Can delete image", "content_type": 18}}, {"pk": 46, "model": "auth.permission", "fields": {"codename": "add_page", "name": "Can add page", "content_type": 16}}, {"pk": 47, "model": "auth.permission", "fields": {"codename": "change_page", "name": "Can change page", "content_type": 16}}, {"pk": 48, "model": "auth.permission", "fields": {"codename": "delete_page", "name": "Can delete page", "content_type": 16}}, {"pk": 49, "model": "auth.permission", "fields": {"codename": "add_pagecontentitem", "name": "Can add page content item", "content_type": 17}}, {"pk": 50, "model": "auth.permission", "fields": {"codename": "change_pagecontentitem", "name": "Can change page content item", "content_type": 17}}, {"pk": 51, "model": "auth.permission", "fields": {"codename": "delete_pagecontentitem", "name": "Can delete page content item", "content_type": 17}}, {"pk": 28, "model": "auth.permission", "fields": {"codename": "add_material", "name": "Can add material", "content_type": 10}}, {"pk": 29, "model": "auth.permission", "fields": {"codename": "change_material", "name": "Can change material", "content_type": 10}}, {"pk": 30, "model": "auth.permission", "fields": {"codename": "delete_material", "name": "Can delete material", "content_type": 10}}, {"pk": 37, "model": "auth.permission", "fields": {"codename": "add_consumer", "name": "Can add consumer", "content_type": 13}}, {"pk": 38, "model": "auth.permission", "fields": {"codename": "change_consumer", "name": "Can change consumer", "content_type": 13}}, {"pk": 39, "model": "auth.permission", "fields": {"codename": "delete_consumer", "name": "Can delete consumer", "content_type": 13}}, {"pk": 34, "model": "auth.permission", "fields": {"codename": "add_nonce", "name": "Can add nonce", "content_type": 12}}, {"pk": 35, "model": "auth.permission", "fields": {"codename": "change_nonce", "name": "Can change nonce", "content_type": 12}}, {"pk": 36, "model": "auth.permission", "fields": {"codename": "delete_nonce", "name": "Can delete nonce", "content_type": 12}}, {"pk": 40, "model": "auth.permission", "fields": {"codename": "add_token", "name": "Can add token", "content_type": 14}}, {"pk": 41, "model": "auth.permission", "fields": {"codename": "change_token", "name": "Can change token", "content_type": 14}}, {"pk": 42, "model": "auth.permission", "fields": {"codename": "delete_token", "name": "Can delete token", "content_type": 14}}, {"pk": 58, "model": "auth.permission", "fields": {"codename": "add_revision", "name": "Can add revision", "content_type": 20}}, {"pk": 59, "model": "auth.permission", "fields": {"codename": "change_revision", "name": "Can change revision", "content_type": 20}}, {"pk": 60, "model": "auth.permission", "fields": {"codename": "delete_revision", "name": "Can delete revision", "content_type": 20}}, {"pk": 61, "model": "auth.permission", "fields": {"codename": "add_version", "name": "Can add version", "content_type": 21}}, {"pk": 62, "model": "auth.permission", "fields": {"codename": "change_version", "name": "Can change version", "content_type": 21}}, {"pk": 63, "model": "auth.permission", "fields": {"codename": "delete_version", "name": "Can delete version", "content_type": 21}}, {"pk": 16, "model": "auth.permission", "fields": {"codename": "add_session", "name": "Can add session", "content_type": 6}}, {"pk": 17, "model": "auth.permission", "fields": {"codename": "change_session", "name": "Can change session", "content_type": 6}}, {"pk": 18, "model": "auth.permission", "fields": {"codename": "delete_session", "name": "Can delete session", "content_type": 6}}, {"pk": 19, "model": "auth.permission", "fields": {"codename": "add_site", "name": "Can add site", "content_type": 7}}, {"pk": 20, "model": "auth.permission", "fields": {"codename": "change_site", "name": "Can change site", "content_type": 7}}, {"pk": 21, "model": "auth.permission", "fields": {"codename": "delete_site", "name": "Can delete site", "content_type": 7}}, {"pk": 25, "model": "auth.permission", "fields": {"codename": "add_migrationhistory", "name": "Can add migration history", "content_type": 9}}, {"pk": 26, "model": "auth.permission", "fields": {"codename": "change_migrationhistory", "name": "Can change migration history", "content_type": 9}}, {"pk": 27, "model": "auth.permission", "fields": {"codename": "delete_migrationhistory", "name": "Can delete migration history", "content_type": 9}}, {"pk": 64, "model": "auth.permission", "fields": {"codename": "add_kvstore", "name": "Can add kv store", "content_type": 22}}, {"pk": 65, "model": "auth.permission", "fields": {"codename": "change_kvstore", "name": "Can change kv store", "content_type": 22}}, {"pk": 66, "model": "auth.permission", "fields": {"codename": "delete_kvstore", "name": "Can delete kv store", "content_type": 22}}, {"pk": 31, "model": "auth.permission", "fields": {"codename": "add_tournament", "name": "Can add tournament", "content_type": 11}}, {"pk": 32, "model": "auth.permission", "fields": {"codename": "change_tournament", "name": "Can change tournament", "content_type": 11}}, {"pk": 33, "model": "auth.permission", "fields": {"codename": "delete_tournament", "name": "Can delete tournament", "content_type": 11}}, {"pk": 1, "model": "auth.user", "fields": {"username": "mikhuang", "first_name": "", "last_name": "", "is_active": true, "is_superuser": true, "is_staff": true, "last_login": "2011-10-11 10:00:42", "groups": [], "user_permissions": [], "password": "sha1$700e5$1d789cd0331367382f51f6a44c92e37dbc36bf8f", "email": "mikhuang@gmail.com", "date_joined": "2011-09-13 13:38:54"}}]