[{"pk": 1, "model": "fiber.contentitem", "fields": {"content_markup": "", "updated": "2011-10-21 18:22:03", "name": "Home", "created": "2011-10-11 16:47:28", "template_name": "", "protected": false, "content_html": "<p>\r\n\t<font face=\"Whitney\">This page will include:</font></p>\r\n<ul>\r\n\t<li>\r\n\t\t<font face=\"Whitney\">Slideshow of various events</font></li>\r\n\t<li>\r\n\t\t<font face=\"Whitney\">Something else, but it&#39;s slipping my mind at present. What did we agree on, Z and D?</font></li>\r\n</ul>\r\n", "metadata": null}}, {"pk": 11, "model": "fiber.contentitem", "fields": {"content_markup": "", "updated": "2011-10-21 18:31:02", "name": "About > Philo > Profile", "created": "2011-10-21 18:24:46", "template_name": "", "protected": false, "content_html": "<p style=\"text-align: center;\">\r\n\t<a href=\"../../../../about/philosophy/mission-and-principles/\">Mission and Guiding Principles</a> - <strong>Learner&#39;s Profile</strong> - <a href=\"../../../../about/philosophy/modern-learning/\">A Modern, Interdisciplinary Approach</a> - <a href=\"../../../../about/philosophy/world-community/\">Joining a World Community</a></p>\r\n<p>\r\n\tThe &quot;Learner&#39;s Profile&quot; of WSC</p>\r\n", "metadata": null}}, {"pk": 12, "model": "fiber.contentitem", "fields": {"content_markup": "", "updated": "2011-10-21 18:31:03", "name": "About > Philo > Modern Learning", "created": "2011-10-21 18:25:11", "template_name": "", "protected": false, "content_html": "<p style=\"text-align: center;\">\r\n\t<a href=\"../../../../about/philosophy/mission-and-principles/\">Mission and Guiding Principles</a> - <a href=\"../../../../about/philosophy/learners-profile/\">Learner&#39;s Profile</a> - <strong>A Modern, Interdisciplinary Approach</strong> - <a href=\"../../../../about/philosophy/world-community/\">Joining a World Community</a></p>\r\n<p>\r\n\tHow WSC embraces 21st century/interdisciplinary approaches to learning</p>\r\n", "metadata": null}}, {"pk": 10, "model": "fiber.contentitem", "fields": {"content_markup": "", "updated": "2011-10-21 18:31:01", "name": "About > Philo > Mission", "created": "2011-10-21 18:24:27", "template_name": "", "protected": false, "content_html": "<p style=\"text-align: center;\">\r\n\t<strong>Mission and Guiding Principles</strong> - <a href=\"/about/philosophy/learners-profile/\">Learner&#39;s Profile</a> - <a href=\"/about/philosophy/modern-learning/\">A Modern, Interdisciplinary Approach</a> - <a href=\"/about/philosophy/world-community/\">Joining a World Community</a></p>\r\n<p>\r\n\tThe mission and guiding educational principles of World Scholar&#39;s Cup</p>\r\n", "metadata": null}}, {"pk": 7, "model": "fiber.contentitem", "fields": {"content_markup": "", "updated": "2011-10-21 18:01:21", "name": "Intro - Students", "created": "2011-10-21 18:01:21", "template_name": "", "protected": false, "content_html": "<p>\r\n\tA student-oriented introduction to WSC to pique their interest</p>\r\n", "metadata": null}}, {"pk": 8, "model": "fiber.contentitem", "fields": {"content_markup": "", "updated": "2011-10-21 18:02:13", "name": "Intro - Parents", "created": "2011-10-21 18:02:13", "template_name": "", "protected": false, "content_html": "<p>\r\n\tA parent-oriented introduction to WSC to convince them that this is beneficial to their kids.</p>\r\n", "metadata": null}}, {"pk": 9, "model": "fiber.contentitem", "fields": {"content_markup": "", "updated": "2011-10-21 18:03:18", "name": "Intro - Alumni", "created": "2011-10-21 18:03:18", "template_name": "", "protected": false, "content_html": "<p>\r\n\tAn alumni-oriented blurb suggesting how they can stay involved in the program, including:</p>\r\n<ul>\r\n\t<li>\r\n\t\tStaying involved at their old school</li>\r\n\t<li>\r\n\t\tVolunteering</li>\r\n\t<li>\r\n\t\tSharing their story</li>\r\n\t<li>\r\n\t\tJoining our team?</li>\r\n</ul>\r\n", "metadata": null}}, {"pk": 13, "model": "fiber.contentitem", "fields": {"content_markup": "", "updated": "2011-10-21 18:31:04", "name": "About > Philo > World Community", "created": "2011-10-21 18:25:34", "template_name": "", "protected": false, "content_html": "<p style=\"text-align: center;\">\r\n\t<a href=\"../../../../about/philosophy/mission-and-principles/\">Mission and Guiding Principles</a> - <a href=\"../../../../about/philosophy/learners-profile/\">Learner&#39;s Profile</a> - <a href=\"../../../../about/philosophy/modern-learning/\">A Modern, Interdisciplinary Approach</a> - <strong>Joining a World Community</strong></p>\r\n<p>\r\n\tHow WSC helps its particpants become part of a world community</p>\r\n", "metadata": null}}, {"pk": 14, "model": "fiber.contentitem", "fields": {"content_markup": "", "updated": "2011-10-21 18:32:55", "name": "About > Letter", "created": "2011-10-21 18:32:55", "template_name": "", "protected": false, "content_html": "<p>\r\n\tFounder&#39;s Letter</p>\r\n", "metadata": null}}, {"pk": 15, "model": "fiber.contentitem", "fields": {"content_markup": "", "updated": "2011-10-21 18:34:21", "name": "About > History", "created": "2011-10-21 18:34:21", "template_name": "", "protected": false, "content_html": "<p>\r\n\tA brief history of WSC, why it was formed, and its growth</p>\r\n", "metadata": null}}, {"pk": 16, "model": "fiber.contentitem", "fields": {"content_markup": "", "updated": "2011-10-21 18:34:39", "name": "About > FAQ", "created": "2011-10-21 18:34:39", "template_name": "", "protected": false, "content_html": "<p>\r\n\tFAQ</p>\r\n<p>\r\n\tMake this thorough!</p>\r\n", "metadata": null}}, {"pk": 17, "model": "fiber.contentitem", "fields": {"content_markup": "", "updated": "2011-10-21 18:35:41", "name": "About > Events > Tournament", "created": "2011-10-21 18:35:41", "template_name": "", "protected": false, "content_html": "<p style=\"text-align: center;\">\r\n\t<strong>Tournament Events</strong> - <a href=\"/about/events/community/\">Community Events</a></p>\r\n<p>\r\n\tDescription of the competitive events</p>\r\n", "metadata": null}}, {"pk": 18, "model": "fiber.contentitem", "fields": {"content_markup": "", "updated": "2011-10-21 18:36:36", "name": "About > Events > Community", "created": "2011-10-21 18:36:36", "template_name": "", "protected": false, "content_html": "<p style=\"text-align: center;\">\r\n\t<a href=\"/about/events/tournament/\">Tournament Events</a> - <strong>Community Events</strong></p>\r\n<p>\r\n\tDescription of the community events</p>\r\n", "metadata": null}}, {"pk": 19, "model": "fiber.contentitem", "fields": {"content_markup": "", "updated": "2011-10-21 18:37:13", "name": "About > Rules and Guidelines", "created": "2011-10-21 18:37:13", "template_name": "", "protected": false, "content_html": "<p>\r\n\t...rules and guidelines.</p>\r\n", "metadata": null}}, {"pk": 20, "model": "fiber.contentitem", "fields": {"content_markup": "", "updated": "2011-10-21 18:40:25", "name": "Getting Started > Student", "created": "2011-10-21 18:40:25", "template_name": "", "protected": false, "content_html": "<p>\r\n\tStudent&#39;s guide to getting started</p>\r\n", "metadata": null}}, {"pk": 21, "model": "fiber.contentitem", "fields": {"content_markup": "", "updated": "2011-10-21 18:40:45", "name": "Getting Started > Educator", "created": "2011-10-21 18:40:45", "template_name": "", "protected": false, "content_html": "<p>\r\n\tEducator&#39;s Guide to getting started</p>\r\n", "metadata": null}}, {"pk": 22, "model": "fiber.contentitem", "fields": {"content_markup": "", "updated": "2011-10-21 18:41:36", "name": "Sign-up", "created": "2011-10-21 18:41:36", "template_name": "", "protected": false, "content_html": "<p>\r\n\tShort form for obtaining e-mail address.</p>\r\n<p>\r\n\tThis page may also be expanded to handle school memberships (if we choose to do this).</p>\r\n", "metadata": null}}, {"pk": 23, "model": "fiber.contentitem", "fields": {"content_markup": "", "updated": "2011-10-21 18:43:44", "name": "Materials > Current > Theme", "created": "2011-10-21 18:43:44", "template_name": "", "protected": false, "content_html": "<p style=\"text-align: center;\">\r\n\t<a href=\"/resource/current/theme/\"><strong>Theme</strong></a> - <a href=\"/resource/current/guides/\">Resource Guides</a> - <a href=\"/resource/current/outline/\">Curriculum Outline</a></p>\r\n<p>\r\n\tDescription of theme, as well as short blurbs describing each subject</p>\r\n", "metadata": null}}, {"pk": 24, "model": "fiber.contentitem", "fields": {"content_markup": "", "updated": "2011-10-21 18:44:19", "name": "Materials > Current > Guides", "created": "2011-10-21 18:44:19", "template_name": "", "protected": false, "content_html": "<p style=\"text-align: center;\">\r\n\t<a href=\"../../../../resource/current/theme/\">Theme</a> - <strong><a href=\"../../../../resource/current/guides/\">Resource Guides</a></strong> - <a href=\"../../../../resource/current/outline/\">Curriculum Outline</a></p>\r\n<p>\r\n\tDownload links to resource guides</p>\r\n", "metadata": null}}, {"pk": 25, "model": "fiber.contentitem", "fields": {"content_markup": "", "updated": "2011-10-21 18:45:10", "name": "Materials > Current > Outline", "created": "2011-10-21 18:45:10", "template_name": "", "protected": false, "content_html": "<p style=\"text-align: center;\">\r\n\t<a href=\"../../../../resource/current/theme/\">Theme</a> - <a href=\"../../../../resource/current/guides/\">Resource Guides</a> - <strong><a href=\"../../../../resource/current/outline/\">Curriculum Outline</a></strong></p>\r\n<p>\r\n\tCurriculum Outlines</p>\r\n", "metadata": null}}, {"pk": 26, "model": "fiber.contentitem", "fields": {"content_markup": "", "updated": "2011-10-21 18:46:46", "name": "Materials > Past > 2011", "created": "2011-10-21 18:46:46", "template_name": "", "protected": false, "content_html": "<p style=\"text-align: center;\">\r\n\t<a href=\"/resource/past/2010/\">2010</a> - <a href=\"/resource/past/2011/\"><strong>2011</strong></a></p>\r\n<p>\r\n\tLinks to 2011 resources, along with blurbs and outlines (if available)</p>\r\n", "metadata": null}}, {"pk": 27, "model": "fiber.contentitem", "fields": {"content_markup": "", "updated": "2011-10-21 18:47:07", "name": "Materials > Past > 2010", "created": "2011-10-21 18:47:07", "template_name": "", "protected": false, "content_html": "<p style=\"text-align: center;\">\r\n\t<strong><a href=\"../../../../resource/past/2010/\">2010</a></strong> - <a href=\"../../../../resource/past/2011/\">2011</a></p>\r\n<p>\r\n\tLinks to 2010 resources, along with blurbs and outlines (if available)</p>\r\n", "metadata": null}}, {"pk": 28, "model": "fiber.contentitem", "fields": {"content_markup": "", "updated": "2011-10-21 18:47:34", "name": "Materials > Additional", "created": "2011-10-21 18:47:34", "template_name": "", "protected": false, "content_html": "<p>\r\n\tAdditional resources, such as debate and essay rubrics</p>\r\n", "metadata": null}}, {"pk": 29, "model": "fiber.contentitem", "fields": {"content_markup": "", "updated": "2011-10-21 18:52:28", "name": "Calendar > Current", "created": "2011-10-21 18:48:06", "template_name": "", "protected": false, "content_html": "<p style=\"text-align: center;\">\r\n\t<strong><a href=\"/calendar/current/\">Current</a></strong> - <a href=\"/calendar/2011/\">2011</a> - <a href=\"/calendar/2010/\">2010</a></p>\r\n<p>\r\n\tMap and schedule of current tournaments</p>\r\n", "metadata": null}}, {"pk": 30, "model": "fiber.contentitem", "fields": {"content_markup": "", "updated": "2011-10-21 18:52:29", "name": "Calendar > 2011", "created": "2011-10-21 18:48:55", "template_name": "", "protected": false, "content_html": "<p style=\"text-align: center;\">\r\n\t<a href=\"../../../../calendar/current/\">Current</a> - <strong><a href=\"../../../../calendar/2011/\">2011</a></strong> - <a href=\"../../../../calendar/2010/\">2010</a></p>\r\n<p>\r\n\tMap and schedule of 2011 tournaments</p>\r\n", "metadata": null}}, {"pk": 31, "model": "fiber.contentitem", "fields": {"content_markup": "", "updated": "2011-10-21 18:53:04", "name": "Calendar > 2010", "created": "2011-10-21 18:53:04", "template_name": "", "protected": false, "content_html": "<p style=\"text-align: center;\">\r\n\t<a href=\"../../../../calendar/current/\">Current</a> - <a href=\"../../../../calendar/2011/\">2011</a> - <strong><a href=\"../../../../calendar/2010/\">2010</a></strong></p>\r\n<p>\r\n\tMap and schedule of current tournaments</p>\r\n", "metadata": null}}, {"pk": 32, "model": "fiber.contentitem", "fields": {"content_markup": "", "updated": "2011-10-21 18:57:41", "name": "Registration", "created": "2011-10-21 18:57:41", "template_name": "", "protected": false, "content_html": "<p>\r\n\tA registration form/process, when we come up with one.</p>\r\n", "metadata": null}}, {"pk": 33, "model": "fiber.contentitem", "fields": {"content_markup": "", "updated": "2011-10-21 18:57:43", "name": "Volunteer", "created": "2011-10-21 18:57:43", "template_name": "", "protected": false, "content_html": "<p>\r\n\tInstructions for volunteering</p>\r\n", "metadata": null}}, {"pk": 34, "model": "fiber.contentitem", "fields": {"content_markup": "", "updated": "2011-10-21 18:59:41", "name": "Gallery > Scholar Spotlight", "created": "2011-10-21 18:59:41", "template_name": "", "protected": false, "content_html": "<p style=\"text-align: center;\">\r\n\t<strong><a href=\"/gallery/spotlight/\">Scholar Spotlight</a></strong> - <a href=\"/gallery/stories/\">Scholar Stories</a> - <a href=\"/gallery/photos/\">Photo Albums</a> - <a href=\"/gallery/share/\">Share your experiences!</a></p>\r\n<p>\r\n\tA showcase of particularly successful alumni</p>\r\n", "metadata": null}}, {"pk": 35, "model": "fiber.contentitem", "fields": {"content_markup": "", "updated": "2011-10-21 18:59:44", "name": "Gallery > Scholar Stories", "created": "2011-10-21 18:59:44", "template_name": "", "protected": false, "content_html": "<p>\r\n\t&nbsp;</p>\r\n<p style=\"text-align: center;\">\r\n\t<a href=\"../../../../gallery/spotlight/\">Scholar Spotlight</a> - <strong><a href=\"../../../../gallery/stories/\">Scholar Stories</a></strong> - <a href=\"../../../../gallery/photos/\">Photo Albums</a> - <a href=\"../../../../gallery/share/\">Share your experiences!</a></p>\r\n<p>\r\n\tA variety of testimonials, from students to coaches to parents</p>\r\n", "metadata": null}}, {"pk": 36, "model": "fiber.contentitem", "fields": {"content_markup": "", "updated": "2011-10-21 18:59:46", "name": "Gallery > Photo Albums", "created": "2011-10-21 18:59:46", "template_name": "", "protected": false, "content_html": "<p style=\"text-align: center;\">\r\n\t<a href=\"../../../../gallery/spotlight/\">Scholar Spotlight</a> - <a href=\"../../../../gallery/stories/\">Scholar Stories</a> - <strong><a href=\"../../../../gallery/photos/\">Photo Albums</a></strong> - <a href=\"../../../../gallery/share/\">Share your experiences!</a></p>\r\n<p>\r\n\tPhoto albums from the past (the very best pictures)</p>\r\n", "metadata": null}}, {"pk": 37, "model": "fiber.contentitem", "fields": {"content_markup": "", "updated": "2011-10-21 18:59:48", "name": "Gallery > Share your story", "created": "2011-10-21 18:59:48", "template_name": "", "protected": false, "content_html": "<p style=\"text-align: center;\">\r\n\t<a href=\"../../../../gallery/spotlight/\">Scholar Spotlight</a> - <a href=\"../../../../gallery/stories/\">Scholar Stories</a> - <a href=\"../../../../gallery/photos/\">Photo Albums</a> - <strong><a href=\"../../../../gallery/share/\">Share your experiences!</a></strong></p>\r\n<p>\r\n\tA short form by which people can share their WSC experience (whether it be story or photo)</p>\r\n", "metadata": null}}, {"pk": 38, "model": "fiber.contentitem", "fields": {"content_markup": "", "updated": "2011-10-21 18:59:51", "name": "Store", "created": "2011-10-21 18:59:51", "template_name": "", "protected": false, "content_html": "<p>\r\n\tCute graphic saying &quot;Coming soon!&quot;</p>\r\n", "metadata": null}}, {"pk": 39, "model": "fiber.contentitem", "fields": {"content_markup": "", "updated": "2011-10-21 18:59:53", "name": "Sponsors", "created": "2011-10-21 18:59:53", "template_name": "", "protected": false, "content_html": "<p>\r\n\tList of sponsors and host schools, as well as an exhortation to contact us if there is interest in sponsoring or hosting</p>\r\n", "metadata": null}}, {"pk": 40, "model": "fiber.contentitem", "fields": {"content_markup": "", "updated": "2011-10-21 18:59:55", "name": "Contact us", "created": "2011-10-21 18:59:55", "template_name": "", "protected": false, "content_html": "<p>\r\n\tContact page. May include short bios of core staff.</p>\r\n", "metadata": null}}, {"pk": 53, "model": "fiber.page", "fields": {"rght": 21, "updated": "2011-10-21 17:24:45", "level": 1, "parent": 1, "title": "Students", "url": "students", "template_name": "", "created": "2011-10-21 10:52:44", "mark_current_regexes": "", "redirect_page": 119, "lft": 0, "protected": false, "tree_id": 0, "show_in_menu": true, "metadata": null}}, {"pk": 59, "model": "fiber.page", "fields": {"rght": 2, "updated": "2011-10-21 17:24:46", "level": 2, "parent": 53, "title": "Why Join the World Scholar's Cup?", "url": "why-students", "template_name": "", "created": "2011-10-21 11:44:26", "mark_current_regexes": "", "redirect_page": 119, "lft": 1, "protected": false, "tree_id": 0, "show_in_menu": true, "metadata": null}}, {"pk": 60, "model": "fiber.page", "fields": {"rght": 4, "updated": "2011-10-21 17:24:46", "level": 2, "parent": 53, "title": "Starting a team", "url": "start-a-team", "template_name": "", "created": "2011-10-21 11:45:56", "mark_current_regexes": "", "redirect_page": 109, "lft": 3, "protected": false, "tree_id": 0, "show_in_menu": true, "metadata": null}}, {"pk": 61, "model": "fiber.page", "fields": {"rght": 6, "updated": "2011-10-21 17:24:48", "level": 2, "parent": 53, "title": "Signing Up", "url": "sign-up", "template_name": "", "created": "2011-10-21 11:46:35", "mark_current_regexes": "", "redirect_page": 88, "lft": 5, "protected": false, "tree_id": 0, "show_in_menu": true, "metadata": null}}, {"pk": 64, "model": "fiber.page", "fields": {"rght": 10, "updated": "2011-10-21 17:24:47", "level": 2, "parent": 53, "title": "Rules and Guidelines", "url": "rules-and-guidelines", "template_name": "", "created": "2011-10-21 11:58:38", "mark_current_regexes": "", "redirect_page": 101, "lft": 9, "protected": false, "tree_id": 0, "show_in_menu": true, "metadata": null}}, {"pk": 75, "model": "fiber.page", "fields": {"rght": 16, "updated": "2011-10-21 17:24:48", "level": 2, "parent": 53, "title": "Find a Tournament", "url": "find-a-tournament", "template_name": "", "created": "2011-10-21 12:54:36", "mark_current_regexes": "", "redirect_page": 123, "lft": 15, "protected": false, "tree_id": 0, "show_in_menu": true, "metadata": null}}, {"pk": 76, "model": "fiber.page", "fields": {"rght": 18, "updated": "2011-10-21 17:24:48", "level": 2, "parent": 53, "title": "Register for a Tournament", "url": "register-for-a-tournament", "template_name": "", "created": "2011-10-21 12:54:43", "mark_current_regexes": "", "redirect_page": 91, "lft": 17, "protected": false, "tree_id": 0, "show_in_menu": true, "metadata": null}}, {"pk": 77, "model": "fiber.page", "fields": {"rght": 20, "updated": "2011-10-21 17:24:49", "level": 2, "parent": 53, "title": "Photo Gallery", "url": "photo-gallery", "template_name": "", "created": "2011-10-21 12:54:48", "mark_current_regexes": "", "redirect_page": 128, "lft": 19, "protected": false, "tree_id": 0, "show_in_menu": true, "metadata": null}}, {"pk": 54, "model": "fiber.page", "fields": {"rght": 45, "updated": "2011-10-21 17:28:26", "level": 1, "parent": 1, "title": "Educators", "url": "educators", "template_name": "", "created": "2011-10-21 10:57:12", "mark_current_regexes": "", "redirect_page": 103, "lft": 22, "protected": false, "tree_id": 0, "show_in_menu": true, "metadata": null}}, {"pk": 67, "model": "fiber.page", "fields": {"rght": 24, "updated": "2011-10-21 17:28:27", "level": 2, "parent": 54, "title": "Educational Philosophy", "url": "benefits", "template_name": "", "created": "2011-10-21 12:04:44", "mark_current_regexes": "", "redirect_page": 103, "lft": 23, "protected": false, "tree_id": 0, "show_in_menu": true, "metadata": null}}, {"pk": 68, "model": "fiber.page", "fields": {"rght": 26, "updated": "2011-10-21 17:28:28", "level": 2, "parent": 54, "title": "Starting a Program", "url": "start-a-program", "template_name": "", "created": "2011-10-21 12:04:48", "mark_current_regexes": "", "redirect_page": 110, "lft": 25, "protected": false, "tree_id": 0, "show_in_menu": true, "metadata": null}}, {"pk": 69, "model": "fiber.page", "fields": {"rght": 28, "updated": "2011-10-21 17:28:37", "level": 2, "parent": 54, "title": "Signing Up", "url": "sign-up", "template_name": "", "created": "2011-10-21 12:05:03", "mark_current_regexes": "", "redirect_page": 88, "lft": 27, "protected": false, "tree_id": 0, "show_in_menu": true, "metadata": null}}, {"pk": 70, "model": "fiber.page", "fields": {"rght": 30, "updated": "2011-10-21 17:28:29", "level": 2, "parent": 54, "title": "View the Curriculum", "url": "curriculum", "template_name": "", "created": "2011-10-21 12:05:05", "mark_current_regexes": "", "redirect_page": 136, "lft": 29, "protected": false, "tree_id": 0, "show_in_menu": true, "metadata": null}}, {"pk": 74, "model": "fiber.page", "fields": {"rght": 38, "updated": "2011-10-21 17:28:30", "level": 2, "parent": 54, "title": "Rules and Guidelines", "url": "rules-and-guidelines", "template_name": "", "created": "2011-10-21 12:05:16", "mark_current_regexes": "", "redirect_page": 101, "lft": 37, "protected": false, "tree_id": 0, "show_in_menu": true, "metadata": null}}, {"pk": 78, "model": "fiber.page", "fields": {"rght": 40, "updated": "2011-10-21 17:28:31", "level": 2, "parent": 54, "title": "Find a Tournament", "url": "find-a-tournament", "template_name": "", "created": "2011-10-21 12:58:08", "mark_current_regexes": "", "redirect_page": 123, "lft": 39, "protected": false, "tree_id": 0, "show_in_menu": true, "metadata": null}}, {"pk": 79, "model": "fiber.page", "fields": {"rght": 42, "updated": "2011-10-21 17:28:32", "level": 2, "parent": 54, "title": "Register Teams", "url": "register-teams", "template_name": "", "created": "2011-10-21 12:58:19", "mark_current_regexes": "", "redirect_page": 91, "lft": 41, "protected": false, "tree_id": 0, "show_in_menu": true, "metadata": null}}, {"pk": 80, "model": "fiber.page", "fields": {"rght": 44, "updated": "2011-10-21 17:28:33", "level": 2, "parent": 54, "title": "Testimonials", "url": "testimonials", "template_name": "", "created": "2011-10-21 12:58:25", "mark_current_regexes": "", "redirect_page": 127, "lft": 43, "protected": false, "tree_id": 0, "show_in_menu": true, "metadata": null}}, {"pk": 55, "model": "fiber.page", "fields": {"rght": 53, "updated": "2011-10-21 17:31:07", "level": 1, "parent": 1, "title": "Parents", "url": "parents", "template_name": "", "created": "2011-10-21 10:57:26", "mark_current_regexes": "", "redirect_page": 121, "lft": 46, "protected": false, "tree_id": 0, "show_in_menu": true, "metadata": null}}, {"pk": 81, "model": "fiber.page", "fields": {"rght": 48, "updated": "2011-10-21 17:31:07", "level": 2, "parent": 55, "title": "Benefits of the World Scholar's Cup", "url": "benefits-of-wsc", "template_name": "", "created": "2011-10-21 13:05:28", "mark_current_regexes": "", "redirect_page": 121, "lft": 47, "protected": false, "tree_id": 0, "show_in_menu": true, "metadata": null}}, {"pk": 82, "model": "fiber.page", "fields": {"rght": 50, "updated": "2011-10-21 17:31:08", "level": 2, "parent": 55, "title": "Tournaments in the area", "url": "tournaments-in-the-area", "template_name": "", "created": "2011-10-21 13:05:32", "mark_current_regexes": "", "redirect_page": 123, "lft": 49, "protected": false, "tree_id": 0, "show_in_menu": true, "metadata": null}}, {"pk": 83, "model": "fiber.page", "fields": {"rght": 52, "updated": "2011-10-21 17:31:15", "level": 2, "parent": 55, "title": "Success stories", "url": "success-stories", "template_name": "", "created": "2011-10-21 13:05:37", "mark_current_regexes": "", "redirect_page": 126, "lft": 51, "protected": false, "tree_id": 0, "show_in_menu": true, "metadata": null}}, {"pk": 56, "model": "fiber.page", "fields": {"rght": 55, "updated": "2011-10-21 17:31:09", "level": 1, "parent": 1, "title": "Volunteers", "url": "volunteers", "template_name": "", "created": "2011-10-21 10:57:51", "mark_current_regexes": "", "redirect_page": 92, "lft": 54, "protected": false, "tree_id": 0, "show_in_menu": true, "metadata": null}}, {"pk": 57, "model": "fiber.page", "fields": {"rght": 57, "updated": "2011-10-21 17:31:10", "level": 1, "parent": 1, "title": "Alumni", "url": "alumni", "template_name": "", "created": "2011-10-21 10:58:15", "mark_current_regexes": "", "redirect_page": 122, "lft": 56, "protected": false, "tree_id": 0, "show_in_menu": true, "metadata": null}}, {"pk": 58, "model": "fiber.page", "fields": {"rght": 59, "updated": "2011-10-21 17:31:10", "level": 1, "parent": 1, "title": "Sponsors", "url": "sponsors", "template_name": "", "created": "2011-10-21 10:58:30", "mark_current_regexes": "", "redirect_page": 95, "lft": 58, "protected": false, "tree_id": 0, "show_in_menu": true, "metadata": null}}, {"pk": 1, "model": "fiber.page", "fields": {"rght": 60, "updated": "2011-10-21 15:11:01", "level": 0, "parent": null, "title": "mainmenu", "url": "/t", "template_name": "", "created": null, "mark_current_regexes": "", "redirect_page": 6, "lft": 60, "protected": false, "tree_id": 0, "show_in_menu": false, "metadata": null}}, {"pk": 3, "model": "fiber.page", "fields": {"rght": 64, "updated": "2011-10-21 15:10:55", "level": 0, "parent": null, "title": "sidemenu", "url": "/s", "template_name": "", "created": "2011-10-11 16:41:04", "mark_current_regexes": "", "redirect_page": 6, "lft": 1, "protected": false, "tree_id": 1, "show_in_menu": true, "metadata": null}}, {"pk": 24, "model": "fiber.page", "fields": {"rght": 17, "updated": "2011-10-21 15:34:31", "level": 1, "parent": 3, "title": "About the World Scholar's Cup", "url": "about-world-scholars-cup", "template_name": "", "created": "2011-10-21 10:13:29", "mark_current_regexes": "", "redirect_page": 25, "lft": 4, "protected": false, "tree_id": 1, "show_in_menu": true, "metadata": null}}, {"pk": 25, "model": "fiber.page", "fields": {"rght": 6, "updated": "2011-10-21 15:34:40", "level": 2, "parent": 24, "title": "Educational Philosophy", "url": "educational-philosophy", "template_name": "", "created": "2011-10-21 10:14:17", "mark_current_regexes": "", "redirect_page": 103, "lft": 5, "protected": false, "tree_id": 1, "show_in_menu": true, "metadata": null}}, {"pk": 26, "model": "fiber.page", "fields": {"rght": 8, "updated": "2011-10-21 15:26:39", "level": 2, "parent": 24, "title": "Founder's Letter", "url": "founders-letter", "template_name": "", "created": "2011-10-21 10:17:03", "mark_current_regexes": "", "redirect_page": 98, "lft": 7, "protected": false, "tree_id": 1, "show_in_menu": true, "metadata": null}}, {"pk": 27, "model": "fiber.page", "fields": {"rght": 10, "updated": "2011-10-21 15:23:10", "level": 2, "parent": 24, "title": "History", "url": "history", "template_name": "", "created": "2011-10-21 10:20:00", "mark_current_regexes": "", "redirect_page": 99, "lft": 9, "protected": false, "tree_id": 1, "show_in_menu": true, "metadata": null}}, {"pk": 28, "model": "fiber.page", "fields": {"rght": 12, "updated": "2011-10-21 15:23:12", "level": 2, "parent": 24, "title": "Events", "url": "events", "template_name": "", "created": "2011-10-21 10:21:10", "mark_current_regexes": "", "redirect_page": 107, "lft": 11, "protected": false, "tree_id": 1, "show_in_menu": true, "metadata": null}}, {"pk": 34, "model": "fiber.page", "fields": {"rght": 14, "updated": "2011-10-21 15:26:47", "level": 2, "parent": 24, "title": "Rules and Guidelines", "url": "rules-and-guidelines", "template_name": "", "created": "2011-10-21 10:26:27", "mark_current_regexes": "", "redirect_page": 101, "lft": 13, "protected": false, "tree_id": 1, "show_in_menu": true, "metadata": null}}, {"pk": 35, "model": "fiber.page", "fields": {"rght": 16, "updated": "2011-10-21 15:23:14", "level": 2, "parent": 24, "title": "FAQ", "url": "faq", "template_name": "", "created": "2011-10-21 10:27:30", "mark_current_regexes": "", "redirect_page": 102, "lft": 15, "protected": false, "tree_id": 1, "show_in_menu": true, "metadata": null}}, {"pk": 29, "model": "fiber.page", "fields": {"rght": 23, "updated": "2011-10-21 10:41:01", "level": 1, "parent": 3, "title": "Getting Started", "url": "getting-started", "template_name": "", "created": "2011-10-21 10:22:59", "mark_current_regexes": "", "redirect_page": 30, "lft": 18, "protected": false, "tree_id": 1, "show_in_menu": true, "metadata": null}}, {"pk": 30, "model": "fiber.page", "fields": {"rght": 20, "updated": "2011-10-21 15:34:13", "level": 2, "parent": 29, "title": "Students", "url": "students", "template_name": "", "created": "2011-10-21 10:23:45", "mark_current_regexes": "", "redirect_page": 109, "lft": 19, "protected": false, "tree_id": 1, "show_in_menu": true, "metadata": null}}, {"pk": 31, "model": "fiber.page", "fields": {"rght": 22, "updated": "2011-10-21 15:34:15", "level": 2, "parent": 29, "title": "Educators", "url": "educators", "template_name": "", "created": "2011-10-21 10:24:21", "mark_current_regexes": "", "redirect_page": 110, "lft": 21, "protected": false, "tree_id": 1, "show_in_menu": true, "metadata": null}}, {"pk": 32, "model": "fiber.page", "fields": {"rght": 25, "updated": "2011-10-21 15:34:16", "level": 1, "parent": 3, "title": "Sign Up", "url": "sign-up", "template_name": "", "created": "2011-10-21 10:24:44", "mark_current_regexes": "", "redirect_page": 88, "lft": 24, "protected": false, "tree_id": 1, "show_in_menu": true, "metadata": null}}, {"pk": 133, "model": "fiber.page", "fields": {"rght": 41, "updated": "2011-10-21 16:41:40", "level": 1, "parent": 3, "title": "Explore the Materials", "url": "explore-the-materials", "template_name": "", "created": "2011-10-21 16:24:20", "mark_current_regexes": "", "redirect_page": 136, "lft": 34, "protected": false, "tree_id": 1, "show_in_menu": true, "metadata": null}}, {"pk": 143, "model": "fiber.page", "fields": {"rght": 36, "updated": "2011-10-21 16:50:00", "level": 2, "parent": 133, "title": "2012 Materials", "url": "2012-materials", "template_name": "", "created": "2011-10-21 16:50:00", "mark_current_regexes": "", "redirect_page": 136, "lft": 35, "protected": false, "tree_id": 1, "show_in_menu": true, "metadata": null}}, {"pk": 144, "model": "fiber.page", "fields": {"rght": 38, "updated": "2011-10-21 16:55:53", "level": 2, "parent": 133, "title": "Past Resources", "url": "past-resources", "template_name": "", "created": "2011-10-21 16:55:53", "mark_current_regexes": "", "redirect_page": 140, "lft": 37, "protected": false, "tree_id": 1, "show_in_menu": true, "metadata": null}}, {"pk": 145, "model": "fiber.page", "fields": {"rght": 40, "updated": "2011-10-21 16:57:12", "level": 2, "parent": 133, "title": "Additional Resources", "url": "additional-resources", "template_name": "", "created": "2011-10-21 16:57:12", "mark_current_regexes": "", "redirect_page": 142, "lft": 39, "protected": false, "tree_id": 1, "show_in_menu": true, "metadata": null}}, {"pk": 39, "model": "fiber.page", "fields": {"rght": 43, "updated": "2011-10-21 15:44:31", "level": 1, "parent": 3, "title": "Calendar", "url": "calendar", "template_name": "", "created": "2011-10-21 10:32:05", "mark_current_regexes": "", "redirect_page": 123, "lft": 42, "protected": false, "tree_id": 1, "show_in_menu": true, "metadata": null}}, {"pk": 40, "model": "fiber.page", "fields": {"rght": 45, "updated": "2011-10-21 15:44:17", "level": 1, "parent": 3, "title": "Tournament Registration", "url": "tournament-registration", "template_name": "", "created": "2011-10-21 10:32:42", "mark_current_regexes": "", "redirect_page": 91, "lft": 44, "protected": false, "tree_id": 1, "show_in_menu": true, "metadata": null}}, {"pk": 41, "model": "fiber.page", "fields": {"rght": 47, "updated": "2011-10-21 15:44:18", "level": 1, "parent": 3, "title": "Volunteer", "url": "volunteer", "template_name": "", "created": "2011-10-21 10:33:30", "mark_current_regexes": "", "redirect_page": 92, "lft": 46, "protected": false, "tree_id": 1, "show_in_menu": true, "metadata": null}}, {"pk": 42, "model": "fiber.page", "fields": {"rght": 57, "updated": "2011-10-21 15:44:47", "level": 1, "parent": 3, "title": "Gallery", "url": "gallery", "template_name": "", "created": "2011-10-21 10:34:34", "mark_current_regexes": "", "redirect_page": 126, "lft": 48, "protected": false, "tree_id": 1, "show_in_menu": true, "metadata": null}}, {"pk": 43, "model": "fiber.page", "fields": {"rght": 50, "updated": "2011-10-21 15:44:21", "level": 2, "parent": 42, "title": "Scholar Spotlight", "url": "scholar-spotlight", "template_name": "", "created": "2011-10-21 10:35:12", "mark_current_regexes": "", "redirect_page": 126, "lft": 49, "protected": false, "tree_id": 1, "show_in_menu": true, "metadata": null}}, {"pk": 44, "model": "fiber.page", "fields": {"rght": 52, "updated": "2011-10-21 15:44:23", "level": 2, "parent": 42, "title": "Stories", "url": "stories", "template_name": "", "created": "2011-10-21 10:36:11", "mark_current_regexes": "", "redirect_page": 127, "lft": 51, "protected": false, "tree_id": 1, "show_in_menu": true, "metadata": null}}, {"pk": 45, "model": "fiber.page", "fields": {"rght": 54, "updated": "2011-10-21 15:44:25", "level": 2, "parent": 42, "title": "Photos", "url": "photos", "template_name": "", "created": "2011-10-21 10:37:20", "mark_current_regexes": "", "redirect_page": 128, "lft": 53, "protected": false, "tree_id": 1, "show_in_menu": true, "metadata": null}}, {"pk": 46, "model": "fiber.page", "fields": {"rght": 56, "updated": "2011-10-21 15:44:27", "level": 2, "parent": 42, "title": "Share your experience", "url": "share-your-experience", "template_name": "", "created": "2011-10-21 10:37:34", "mark_current_regexes": "", "redirect_page": 129, "lft": 55, "protected": false, "tree_id": 1, "show_in_menu": true, "metadata": null}}, {"pk": 47, "model": "fiber.page", "fields": {"rght": 59, "updated": "2011-10-21 15:44:28", "level": 1, "parent": 3, "title": "Store", "url": "store", "template_name": "", "created": "2011-10-21 10:38:35", "mark_current_regexes": "", "redirect_page": 94, "lft": 58, "protected": false, "tree_id": 1, "show_in_menu": true, "metadata": null}}, {"pk": 48, "model": "fiber.page", "fields": {"rght": 61, "updated": "2011-10-21 15:44:30", "level": 1, "parent": 3, "title": "Sponsors", "url": "sponsors", "template_name": "", "created": "2011-10-21 10:39:19", "mark_current_regexes": "", "redirect_page": 95, "lft": 60, "protected": false, "tree_id": 1, "show_in_menu": true, "metadata": null}}, {"pk": 49, "model": "fiber.page", "fields": {"rght": 63, "updated": "2011-10-21 15:44:31", "level": 1, "parent": 3, "title": "Contact Us", "url": "contact-us", "template_name": "", "created": "2011-10-21 10:39:59", "mark_current_regexes": "", "redirect_page": 96, "lft": 62, "protected": false, "tree_id": 1, "show_in_menu": true, "metadata": null}}, {"pk": 6, "model": "fiber.page", "fields": {"rght": 116, "updated": "2011-10-21 18:00:32", "level": 0, "parent": null, "title": "The World Scholar's Cup", "url": "/", "template_name": "", "created": "2011-10-11 17:04:38", "mark_current_regexes": "", "redirect_page": null, "lft": 1, "protected": false, "tree_id": 5, "show_in_menu": true, "metadata": null}}, {"pk": 85, "model": "fiber.page", "fields": {"rght": 17, "updated": "2011-10-21 14:09:43", "level": 1, "parent": 6, "title": "Introduction", "url": "intro", "template_name": "", "created": "2011-10-21 13:29:19", "mark_current_regexes": "", "redirect_page": 119, "lft": 8, "protected": false, "tree_id": 5, "show_in_menu": true, "metadata": null}}, {"pk": 119, "model": "fiber.page", "fields": {"rght": 10, "updated": "2011-10-21 18:22:05", "level": 2, "parent": 85, "title": "Students", "url": "students", "template_name": "", "created": "2011-10-21 13:52:48", "mark_current_regexes": "", "redirect_page": null, "lft": 9, "protected": false, "tree_id": 5, "show_in_menu": true, "metadata": null}}, {"pk": 121, "model": "fiber.page", "fields": {"rght": 14, "updated": "2011-10-21 18:22:07", "level": 2, "parent": 85, "title": "Parents", "url": "parents", "template_name": "", "created": "2011-10-21 13:52:51", "mark_current_regexes": "", "redirect_page": null, "lft": 13, "protected": false, "tree_id": 5, "show_in_menu": true, "metadata": null}}, {"pk": 122, "model": "fiber.page", "fields": {"rght": 16, "updated": "2011-10-21 18:21:52", "level": 2, "parent": 85, "title": "Alumni", "url": "alumni", "template_name": "", "created": "2011-10-21 13:52:53", "mark_current_regexes": "", "redirect_page": null, "lft": 15, "protected": false, "tree_id": 5, "show_in_menu": true, "metadata": null}}, {"pk": 86, "model": "fiber.page", "fields": {"rght": 43, "updated": "2011-10-21 14:09:44", "level": 1, "parent": 6, "title": "About the World Scholar's Cup", "url": "about", "template_name": "", "created": "2011-10-21 13:29:25", "mark_current_regexes": "", "redirect_page": 97, "lft": 18, "protected": false, "tree_id": 5, "show_in_menu": true, "metadata": null}}, {"pk": 97, "model": "fiber.page", "fields": {"rght": 28, "updated": "2011-10-21 14:09:45", "level": 2, "parent": 86, "title": "Educational Philosophy", "url": "philosophy", "template_name": "", "created": "2011-10-21 13:43:31", "mark_current_regexes": "", "redirect_page": 103, "lft": 19, "protected": false, "tree_id": 5, "show_in_menu": true, "metadata": null}}, {"pk": 103, "model": "fiber.page", "fields": {"rght": 21, "updated": "2011-10-21 18:25:38", "level": 3, "parent": 97, "title": "Mission and Guiding Principles", "url": "mission-and-principles", "template_name": "", "created": "2011-10-21 13:45:12", "mark_current_regexes": "", "redirect_page": null, "lft": 20, "protected": false, "tree_id": 5, "show_in_menu": true, "metadata": null}}, {"pk": 104, "model": "fiber.page", "fields": {"rght": 23, "updated": "2011-10-21 18:25:39", "level": 3, "parent": 97, "title": "Learner's Profile", "url": "learners-profile", "template_name": "", "created": "2011-10-21 13:45:14", "mark_current_regexes": "", "redirect_page": null, "lft": 22, "protected": false, "tree_id": 5, "show_in_menu": true, "metadata": null}}, {"pk": 105, "model": "fiber.page", "fields": {"rght": 25, "updated": "2011-10-21 18:25:40", "level": 3, "parent": 97, "title": "21st Century/Interdisciplinary Learning", "url": "modern-learning", "template_name": "", "created": "2011-10-21 13:45:16", "mark_current_regexes": "", "redirect_page": null, "lft": 24, "protected": false, "tree_id": 5, "show_in_menu": true, "metadata": null}}, {"pk": 106, "model": "fiber.page", "fields": {"rght": 27, "updated": "2011-10-21 18:25:41", "level": 3, "parent": 97, "title": "World Community", "url": "world-community", "template_name": "", "created": "2011-10-21 13:45:17", "mark_current_regexes": "", "redirect_page": null, "lft": 26, "protected": false, "tree_id": 5, "show_in_menu": true, "metadata": null}}, {"pk": 98, "model": "fiber.page", "fields": {"rght": 30, "updated": "2011-10-21 18:36:43", "level": 2, "parent": 86, "title": "Founder's Letter", "url": "letter", "template_name": "", "created": "2011-10-21 13:43:34", "mark_current_regexes": "", "redirect_page": null, "lft": 29, "protected": false, "tree_id": 5, "show_in_menu": true, "metadata": null}}, {"pk": 99, "model": "fiber.page", "fields": {"rght": 32, "updated": "2011-10-21 18:36:44", "level": 2, "parent": 86, "title": "History", "url": "history", "template_name": "", "created": "2011-10-21 13:43:37", "mark_current_regexes": "", "redirect_page": null, "lft": 31, "protected": false, "tree_id": 5, "show_in_menu": true, "metadata": null}}, {"pk": 100, "model": "fiber.page", "fields": {"rght": 38, "updated": "2011-10-21 14:09:46", "level": 2, "parent": 86, "title": "Events", "url": "events", "template_name": "", "created": "2011-10-21 13:43:39", "mark_current_regexes": "", "redirect_page": 107, "lft": 33, "protected": false, "tree_id": 5, "show_in_menu": true, "metadata": null}}, {"pk": 107, "model": "fiber.page", "fields": {"rght": 35, "updated": "2011-10-21 18:36:47", "level": 3, "parent": 100, "title": "Tournament Events", "url": "tournament", "template_name": "", "created": "2011-10-21 13:47:38", "mark_current_regexes": "", "redirect_page": null, "lft": 34, "protected": false, "tree_id": 5, "show_in_menu": true, "metadata": null}}, {"pk": 108, "model": "fiber.page", "fields": {"rght": 37, "updated": "2011-10-21 18:36:46", "level": 3, "parent": 100, "title": "Community Events", "url": "community", "template_name": "", "created": "2011-10-21 13:47:40", "mark_current_regexes": "", "redirect_page": null, "lft": 36, "protected": false, "tree_id": 5, "show_in_menu": true, "metadata": null}}, {"pk": 101, "model": "fiber.page", "fields": {"rght": 40, "updated": "2011-10-21 18:37:20", "level": 2, "parent": 86, "title": "Rules and Guidelines", "url": "rules", "template_name": "", "created": "2011-10-21 13:43:41", "mark_current_regexes": "", "redirect_page": null, "lft": 39, "protected": false, "tree_id": 5, "show_in_menu": true, "metadata": null}}, {"pk": 102, "model": "fiber.page", "fields": {"rght": 42, "updated": "2011-10-21 18:36:45", "level": 2, "parent": 86, "title": "FAQ", "url": "faq", "template_name": "", "created": "2011-10-21 13:43:42", "mark_current_regexes": "", "redirect_page": null, "lft": 41, "protected": false, "tree_id": 5, "show_in_menu": true, "metadata": null}}, {"pk": 87, "model": "fiber.page", "fields": {"rght": 49, "updated": "2011-10-21 14:09:47", "level": 1, "parent": 6, "title": "Getting Started", "url": "get-started", "template_name": "", "created": "2011-10-21 13:29:29", "mark_current_regexes": "", "redirect_page": 109, "lft": 44, "protected": false, "tree_id": 5, "show_in_menu": true, "metadata": null}}, {"pk": 109, "model": "fiber.page", "fields": {"rght": 46, "updated": "2011-10-21 18:50:10", "level": 2, "parent": 87, "title": "Students", "url": "students", "template_name": "", "created": "2011-10-21 13:48:32", "mark_current_regexes": "", "redirect_page": null, "lft": 45, "protected": false, "tree_id": 5, "show_in_menu": true, "metadata": null}}, {"pk": 110, "model": "fiber.page", "fields": {"rght": 48, "updated": "2011-10-21 18:50:12", "level": 2, "parent": 87, "title": "Educators", "url": "educators", "template_name": "", "created": "2011-10-21 13:48:35", "mark_current_regexes": "", "redirect_page": null, "lft": 47, "protected": false, "tree_id": 5, "show_in_menu": true, "metadata": null}}, {"pk": 88, "model": "fiber.page", "fields": {"rght": 51, "updated": "2011-10-21 18:50:13", "level": 1, "parent": 6, "title": "Sign Up", "url": "sign-up", "template_name": "", "created": "2011-10-21 13:29:32", "mark_current_regexes": "", "redirect_page": null, "lft": 50, "protected": false, "tree_id": 5, "show_in_menu": true, "metadata": null}}, {"pk": 134, "model": "fiber.page", "fields": {"rght": 69, "updated": "2011-10-21 16:47:49", "level": 1, "parent": 6, "title": "Access the Materials", "url": "resource", "template_name": "", "created": "2011-10-21 16:31:08", "mark_current_regexes": "", "redirect_page": 136, "lft": 52, "protected": false, "tree_id": 5, "show_in_menu": true, "metadata": null}}, {"pk": 135, "model": "fiber.page", "fields": {"rght": 60, "updated": "2011-10-21 16:47:03", "level": 2, "parent": 134, "title": "Current Materials", "url": "current", "template_name": "", "created": "2011-10-21 16:36:23", "mark_current_regexes": "", "redirect_page": 136, "lft": 53, "protected": false, "tree_id": 5, "show_in_menu": true, "metadata": null}}, {"pk": 136, "model": "fiber.page", "fields": {"rght": 55, "updated": "2011-10-21 18:50:32", "level": 3, "parent": 135, "title": "Theme", "url": "theme", "template_name": "", "created": "2011-10-21 16:36:39", "mark_current_regexes": "", "redirect_page": null, "lft": 54, "protected": false, "tree_id": 5, "show_in_menu": true, "metadata": null}}, {"pk": 137, "model": "fiber.page", "fields": {"rght": 57, "updated": "2011-10-21 18:50:15", "level": 3, "parent": 135, "title": "Resource Guides", "url": "guides", "template_name": "", "created": "2011-10-21 16:37:12", "mark_current_regexes": "", "redirect_page": null, "lft": 56, "protected": false, "tree_id": 5, "show_in_menu": true, "metadata": null}}, {"pk": 138, "model": "fiber.page", "fields": {"rght": 59, "updated": "2011-10-21 18:50:17", "level": 3, "parent": 135, "title": "Curriculum Outline", "url": "outline", "template_name": "", "created": "2011-10-21 16:37:29", "mark_current_regexes": "", "redirect_page": null, "lft": 58, "protected": false, "tree_id": 5, "show_in_menu": true, "metadata": null}}, {"pk": 139, "model": "fiber.page", "fields": {"rght": 66, "updated": "2011-10-21 16:44:28", "level": 2, "parent": 134, "title": "Past Materials", "url": "past", "template_name": "", "created": "2011-10-21 16:37:42", "mark_current_regexes": "", "redirect_page": 140, "lft": 61, "protected": false, "tree_id": 5, "show_in_menu": true, "metadata": null}}, {"pk": 140, "model": "fiber.page", "fields": {"rght": 63, "updated": "2011-10-21 18:50:21", "level": 3, "parent": 139, "title": "2011", "url": "2011", "template_name": "", "created": "2011-10-21 16:38:00", "mark_current_regexes": "", "redirect_page": null, "lft": 62, "protected": false, "tree_id": 5, "show_in_menu": true, "metadata": null}}, {"pk": 141, "model": "fiber.page", "fields": {"rght": 65, "updated": "2011-10-21 18:50:23", "level": 3, "parent": 139, "title": "2010", "url": "2010", "template_name": "", "created": "2011-10-21 16:38:13", "mark_current_regexes": "", "redirect_page": null, "lft": 64, "protected": false, "tree_id": 5, "show_in_menu": true, "metadata": null}}, {"pk": 142, "model": "fiber.page", "fields": {"rght": 68, "updated": "2011-10-21 18:50:33", "level": 2, "parent": 134, "title": "Additional Resources", "url": "additional", "template_name": "", "created": "2011-10-21 16:38:31", "mark_current_regexes": "", "redirect_page": null, "lft": 67, "protected": false, "tree_id": 5, "show_in_menu": true, "metadata": null}}, {"pk": 90, "model": "fiber.page", "fields": {"rght": 95, "updated": "2011-10-21 14:09:50", "level": 1, "parent": 6, "title": "Calendar", "url": "calendar", "template_name": "", "created": "2011-10-21 13:29:39", "mark_current_regexes": "", "redirect_page": 123, "lft": 88, "protected": false, "tree_id": 5, "show_in_menu": true, "metadata": null}}, {"pk": 123, "model": "fiber.page", "fields": {"rght": 90, "updated": "2011-10-22 01:02:00", "level": 2, "parent": 90, "title": "Current", "url": "current", "template_name": "", "created": "2011-10-21 14:02:46", "mark_current_regexes": "", "redirect_page": null, "lft": 89, "protected": false, "tree_id": 5, "show_in_menu": true, "metadata": null}}, {"pk": 124, "model": "fiber.page", "fields": {"rght": 92, "updated": "2011-10-22 01:03:00", "level": 2, "parent": 90, "title": "2011", "url": "2011", "template_name": "", "created": "2011-10-21 14:02:48", "mark_current_regexes": "", "redirect_page": null, "lft": 91, "protected": false, "tree_id": 5, "show_in_menu": true, "metadata": null}}, {"pk": 125, "model": "fiber.page", "fields": {"rght": 94, "updated": "2011-10-21 19:02:17", "level": 2, "parent": 90, "title": "2010", "url": "2010", "template_name": "", "created": "2011-10-21 14:02:49", "mark_current_regexes": "", "redirect_page": null, "lft": 93, "protected": false, "tree_id": 5, "show_in_menu": true, "metadata": null}}, {"pk": 91, "model": "fiber.page", "fields": {"rght": 97, "updated": "2011-10-21 19:02:17", "level": 1, "parent": 6, "title": "Tournament Registration", "url": "registration", "template_name": "", "created": "2011-10-21 13:29:42", "mark_current_regexes": "", "redirect_page": null, "lft": 96, "protected": false, "tree_id": 5, "show_in_menu": true, "metadata": null}}, {"pk": 92, "model": "fiber.page", "fields": {"rght": 99, "updated": "2011-10-21 19:02:18", "level": 1, "parent": 6, "title": "Volunteer", "url": "volunteer", "template_name": "", "created": "2011-10-21 13:29:45", "mark_current_regexes": "", "redirect_page": null, "lft": 98, "protected": false, "tree_id": 5, "show_in_menu": true, "metadata": null}}, {"pk": 93, "model": "fiber.page", "fields": {"rght": 109, "updated": "2011-10-21 14:09:51", "level": 1, "parent": 6, "title": "Gallery", "url": "gallery", "template_name": "", "created": "2011-10-21 13:29:47", "mark_current_regexes": "", "redirect_page": 126, "lft": 100, "protected": false, "tree_id": 5, "show_in_menu": true, "metadata": null}}, {"pk": 126, "model": "fiber.page", "fields": {"rght": 102, "updated": "2011-10-21 19:02:19", "level": 2, "parent": 93, "title": "Scholar Spotlight", "url": "spotlight", "template_name": "", "created": "2011-10-21 14:05:00", "mark_current_regexes": "", "redirect_page": null, "lft": 101, "protected": false, "tree_id": 5, "show_in_menu": true, "metadata": null}}, {"pk": 127, "model": "fiber.page", "fields": {"rght": 104, "updated": "2011-10-21 19:02:20", "level": 2, "parent": 93, "title": "Scholar Stories", "url": "stories", "template_name": "", "created": "2011-10-21 14:05:01", "mark_current_regexes": "", "redirect_page": null, "lft": 103, "protected": false, "tree_id": 5, "show_in_menu": true, "metadata": null}}, {"pk": 128, "model": "fiber.page", "fields": {"rght": 106, "updated": "2011-10-21 19:02:21", "level": 2, "parent": 93, "title": "Photo Albums", "url": "photos", "template_name": "", "created": "2011-10-21 14:05:03", "mark_current_regexes": "", "redirect_page": null, "lft": 105, "protected": false, "tree_id": 5, "show_in_menu": true, "metadata": null}}, {"pk": 129, "model": "fiber.page", "fields": {"rght": 108, "updated": "2011-10-21 19:02:22", "level": 2, "parent": 93, "title": "Share your experience!", "url": "share", "template_name": "", "created": "2011-10-21 14:05:04", "mark_current_regexes": "", "redirect_page": null, "lft": 107, "protected": false, "tree_id": 5, "show_in_menu": true, "metadata": null}}, {"pk": 94, "model": "fiber.page", "fields": {"rght": 111, "updated": "2011-10-22 00:37:13", "level": 1, "parent": 6, "title": "Store", "url": "store", "template_name": "", "created": "2011-10-21 13:29:50", "mark_current_regexes": "", "redirect_page": null, "lft": 110, "protected": false, "tree_id": 5, "show_in_menu": true, "metadata": null}}, {"pk": 95, "model": "fiber.page", "fields": {"rght": 113, "updated": "2011-10-21 19:02:23", "level": 1, "parent": 6, "title": "Sponsors", "url": "sponsors", "template_name": "", "created": "2011-10-21 13:29:52", "mark_current_regexes": "", "redirect_page": null, "lft": 112, "protected": false, "tree_id": 5, "show_in_menu": true, "metadata": null}}, {"pk": 96, "model": "fiber.page", "fields": {"rght": 115, "updated": "2011-10-22 00:59:12", "level": 1, "parent": 6, "title": "Contact Us", "url": "contact-us", "template_name": "", "created": "2011-10-21 13:29:55", "mark_current_regexes": "", "redirect_page": null, "lft": 114, "protected": false, "tree_id": 5, "show_in_menu": true, "metadata": null}}, {"pk": 10, "model": "fiber.pagecontentitem", "fields": {"sort": null, "block_name": "main", "content_item": 8, "page": 121}}, {"pk": 8, "model": "fiber.pagecontentitem", "fields": {"sort": null, "block_name": "main", "content_item": 9, "page": 122}}, {"pk": 3, "model": "fiber.pagecontentitem", "fields": {"sort": 1, "block_name": "main", "content_item": 1, "page": 6}}, {"pk": 9, "model": "fiber.pagecontentitem", "fields": {"sort": null, "block_name": "main", "content_item": 7, "page": 119}}, {"pk": 11, "model": "fiber.pagecontentitem", "fields": {"sort": null, "block_name": "main", "content_item": 10, "page": 103}}, {"pk": 12, "model": "fiber.pagecontentitem", "fields": {"sort": null, "block_name": "main", "content_item": 11, "page": 104}}, {"pk": 13, "model": "fiber.pagecontentitem", "fields": {"sort": null, "block_name": "main", "content_item": 12, "page": 105}}, {"pk": 14, "model": "fiber.pagecontentitem", "fields": {"sort": null, "block_name": "main", "content_item": 13, "page": 106}}, {"pk": 15, "model": "fiber.pagecontentitem", "fields": {"sort": null, "block_name": "main", "content_item": 14, "page": 98}}, {"pk": 16, "model": "fiber.pagecontentitem", "fields": {"sort": null, "block_name": "main", "content_item": 15, "page": 99}}, {"pk": 17, "model": "fiber.pagecontentitem", "fields": {"sort": null, "block_name": "main", "content_item": 16, "page": 102}}, {"pk": 18, "model": "fiber.pagecontentitem", "fields": {"sort": null, "block_name": "main", "content_item": 18, "page": 108}}, {"pk": 19, "model": "fiber.pagecontentitem", "fields": {"sort": null, "block_name": "main", "content_item": 17, "page": 107}}, {"pk": 20, "model": "fiber.pagecontentitem", "fields": {"sort": null, "block_name": "main", "content_item": 19, "page": 101}}, {"pk": 21, "model": "fiber.pagecontentitem", "fields": {"sort": null, "block_name": "main", "content_item": 20, "page": 109}}, {"pk": 22, "model": "fiber.pagecontentitem", "fields": {"sort": null, "block_name": "main", "content_item": 21, "page": 110}}, {"pk": 23, "model": "fiber.pagecontentitem", "fields": {"sort": null, "block_name": "main", "content_item": 22, "page": 88}}, {"pk": 24, "model": "fiber.pagecontentitem", "fields": {"sort": null, "block_name": "main", "content_item": 24, "page": 137}}, {"pk": 25, "model": "fiber.pagecontentitem", "fields": {"sort": null, "block_name": "main", "content_item": 25, "page": 138}}, {"pk": 26, "model": "fiber.pagecontentitem", "fields": {"sort": null, "block_name": "main", "content_item": 26, "page": 140}}, {"pk": 27, "model": "fiber.pagecontentitem", "fields": {"sort": null, "block_name": "main", "content_item": 27, "page": 141}}, {"pk": 28, "model": "fiber.pagecontentitem", "fields": {"sort": null, "block_name": "main", "content_item": 23, "page": 136}}, {"pk": 29, "model": "fiber.pagecontentitem", "fields": {"sort": null, "block_name": "main", "content_item": 28, "page": 142}}, {"pk": 30, "model": "fiber.pagecontentitem", "fields": {"sort": null, "block_name": "main", "content_item": 31, "page": 125}}, {"pk": 31, "model": "fiber.pagecontentitem", "fields": {"sort": null, "block_name": "main", "content_item": 32, "page": 91}}, {"pk": 32, "model": "fiber.pagecontentitem", "fields": {"sort": null, "block_name": "main", "content_item": 33, "page": 92}}, {"pk": 33, "model": "fiber.pagecontentitem", "fields": {"sort": null, "block_name": "main", "content_item": 34, "page": 126}}, {"pk": 34, "model": "fiber.pagecontentitem", "fields": {"sort": null, "block_name": "main", "content_item": 35, "page": 127}}, {"pk": 35, "model": "fiber.pagecontentitem", "fields": {"sort": null, "block_name": "main", "content_item": 36, "page": 128}}, {"pk": 36, "model": "fiber.pagecontentitem", "fields": {"sort": null, "block_name": "main", "content_item": 37, "page": 129}}, {"pk": 37, "model": "fiber.pagecontentitem", "fields": {"sort": null, "block_name": "main", "content_item": 38, "page": 94}}, {"pk": 38, "model": "fiber.pagecontentitem", "fields": {"sort": null, "block_name": "main", "content_item": 39, "page": 95}}, {"pk": 39, "model": "fiber.pagecontentitem", "fields": {"sort": null, "block_name": "main", "content_item": 40, "page": 96}}, {"pk": 40, "model": "fiber.pagecontentitem", "fields": {"sort": null, "block_name": "main", "content_item": 29, "page": 123}}, {"pk": 41, "model": "fiber.pagecontentitem", "fields": {"sort": null, "block_name": "main", "content_item": 30, "page": 124}}, {"pk": 1, "model": "fiber.image", "fields": {"updated": "2011-10-11 17:20:04", "title": "uploaded", "image": "uploads/images/drop-test-of-POS-display.jpg", "created": "2011-10-11 17:20:04", "height": 333, "width": 500}}, {"pk": 3, "model": "fiber.image", "fields": {"updated": "2011-10-21 17:50:08", "title": "uploaded", "image": "uploads/images/guy_fawkes_mask.png", "created": "2011-10-21 17:50:08", "height": 800, "width": 675}}, {"pk": 2, "model": "fiber.image", "fields": {"updated": "2011-10-13 16:44:07", "title": "Scavence", "image": "uploads/images/useforwiki.jpg", "created": "2011-10-13 16:44:07", "height": 2673, "width": 2289}}]